-- --------------------------------------------------------
-- Anfitrião:                    127.0.0.1
-- Versão do servidor:           10.4.14-MariaDB - mariadb.org binary distribution
-- Server OS:                    Win64
-- HeidiSQL Versão:              11.1.0.6116
-- --------------------------------------------------------

/*!40101 SET @OLD_CHARACTER_SET_CLIENT=@@CHARACTER_SET_CLIENT */;
/*!40101 SET NAMES utf8 */;
/*!50503 SET NAMES utf8mb4 */;
/*!40014 SET @OLD_FOREIGN_KEY_CHECKS=@@FOREIGN_KEY_CHECKS, FOREIGN_KEY_CHECKS=0 */;
/*!40101 SET @OLD_SQL_MODE=@@SQL_MODE, SQL_MODE='NO_AUTO_VALUE_ON_ZERO' */;
/*!40111 SET @OLD_SQL_NOTES=@@SQL_NOTES, SQL_NOTES=0 */;

-- Dumping data for table expose.addon_account: ~18 rows (approximately)
/*!40000 ALTER TABLE `addon_account` DISABLE KEYS */;
INSERT INTO `addon_account` (`name`, `label`, `shared`) VALUES
	('bank_savings', 'Livret Bleu', 0),
	('caution', 'Caution', 0),
	('housing_black_money', 'Housing Black Money', 0),
	('motels_bed_black_money', 'Motels Black Money Bed', 0),
	('motels_black_money', 'Motels Black Money ', 0),
	('property_black_money', 'Kara Para', 0),
	('society_ambulance', 'Ambulance', 1),
	('society_banker', 'Banco', 1),
	('society_cardealer', 'Concessionnaire', 1),
	('society_mechanic', 'Benny\'S', 1),
	('society_mechanic2', 'LS Customs', 1),
	('society_police', 'Polícia', 1),
	('society_police_black_money', 'Police Black Money', 1),
	('society_realestateagent', 'Agent immobilier', 1),
	('society_state', 'Estado', 1),
	('society_taxi', 'Taxi', 1),
	('society_unicorn', 'Vanilla Unicorn', 1),
	('vault_black_money', 'Money Vault', 0);
/*!40000 ALTER TABLE `addon_account` ENABLE KEYS */;

-- Dumping data for table expose.addon_account_data: ~0 rows (approximately)
/*!40000 ALTER TABLE `addon_account_data` DISABLE KEYS */;
/*!40000 ALTER TABLE `addon_account_data` ENABLE KEYS */;

-- Dumping data for table expose.addon_inventory: ~14 rows (approximately)
/*!40000 ALTER TABLE `addon_inventory` DISABLE KEYS */;
INSERT INTO `addon_inventory` (`name`, `label`, `shared`) VALUES
	('housing', 'Housing', 0),
	('motels', 'Motels Inventory', 0),
	('motels_bed', 'Motels Bed Inventory', 0),
	('property', 'Propiedade', 0),
	('society_ambulance', 'Ambulance', 1),
	('society_banker', 'Banco', 1),
	('society_cardealer', 'Concesionnaire', 1),
	('society_mechanic', 'Benny\'S', 1),
	('society_mechanic2', 'LS Customs', 1),
	('society_police', 'Police', 1),
	('society_state', 'Estado', 1),
	('society_taxi', 'Taxi', 1),
	('society_unicorn', 'Vanilla', 1),
	('vault', 'Vault', 0);
/*!40000 ALTER TABLE `addon_inventory` ENABLE KEYS */;

-- Dumping data for table expose.addon_inventory_items: ~0 rows (approximately)
/*!40000 ALTER TABLE `addon_inventory_items` DISABLE KEYS */;
/*!40000 ALTER TABLE `addon_inventory_items` ENABLE KEYS */;

-- Dumping data for table expose.billing: ~405 rows (approximately)
/*!40000 ALTER TABLE `billing` DISABLE KEYS */;
INSERT INTO `billing` (`id`, `identifier`, `sender`, `target_type`, `target`, `label`, `amount`, `day`, `month`, `sender_name`) VALUES
	(3894, 'Char4:11000010af35bb3', 'steam:110000114596064', 'society', 'society_mechanic', 'Mecânico', 195, 21, 5, 'Desconhecido'),
	(3934, 'Char4:110000106a9c4c4', 'steam:110000101bd8840', 'society', 'society_ambulance', 'Despesas Médicas', 150, 21, 5, 'Desconhecido'),
	(3962, 'Char1:1100001076712e0', 'steam:1100001076712e0', 'society', 'society_ambulance', 'Despesas Médicas', 150, 22, 5, 'Desconhecido'),
	(4048, 'steam:11000010e2c850e', 'steam:110000101bd8840', 'society', 'society_ambulance', 'Despesas Médicas', 150, 23, 5, 'Desconhecido'),
	(4061, 'steam:110000105bf63e1', 'steam:110000105bf63e1', 'society', 'society_ambulance', 'Despesas Médicas', 150, 24, 5, 'Desconhecido'),
	(4082, 'Char2:110000115ed59a6', 'steam:110000115ed59a6', 'society', 'society_ambulance', 'Despesas Médicas', 150, 24, 5, 'Desconhecido'),
	(4160, 'steam:110000107a6438c', 'steam:110000107a6438c', 'society', 'society_ambulance', 'Despesas Médicas', 150, 26, 5, 'Desconhecido'),
	(4162, 'steam:110000107a6438c', 'steam:110000107a6438c', 'society', 'society_ambulance', 'Despesas Médicas', 150, 26, 5, 'Desconhecido'),
	(4224, 'Char1:11000010e96aca9', 'steam:110000110af8212', 'society', 'society_ambulance', 'Despesas Médicas', 125, 27, 5, 'Desconhecido'),
	(4261, 'Char1:11000010e96aca9', 'steam:11000010e96aca9', 'society', 'society_ambulance', 'Despesas Médicas', 150, 27, 5, 'Desconhecido'),
	(4268, 'Char1:11000010e96aca9', 'steam:11000010e96aca9', 'society', 'society_ambulance', 'Despesas Médicas', 150, 27, 5, 'Desconhecido'),
	(4301, 'Char1:110000135929145', 'steam:110000135929145', 'society', 'society_ambulance', 'Despesas Médicas', 150, 28, 5, 'Desconhecido'),
	(4302, 'Char1:110000135929145', 'steam:110000135929145', 'society', 'society_ambulance', 'Despesas Médicas', 150, 28, 5, 'Desconhecido'),
	(4333, 'Char1:110000135929145', 'steam:11000011738d51d', 'society', 'society_ambulance', 'Despesas Médicas', 125, 28, 5, 'Desconhecido'),
	(4389, 'Char2:110000109340e43', 'steam:110000109340e43', 'society', 'society_ambulance', 'Despesas Médicas', 150, 29, 5, 'Desconhecido'),
	(4428, 'Char1:110000135929145', 'steam:110000135929145', 'society', 'society_ambulance', 'Despesas Médicas', 150, 30, 5, 'Desconhecido'),
	(4438, 'Char1:110000135929145', 'steam:110000135929145', 'society', 'society_ambulance', 'Despesas Médicas', 150, 30, 5, 'Desconhecido'),
	(4440, 'steam:110000110dc45e8', 'steam:1100001151e5b4f', 'society', 'society_mechanic', 'Mecânico', 960, 30, 5, 'Desconhecido'),
	(4465, 'Char1:11000010e96aca9', 'steam:11000010e96aca9', 'society', 'society_ambulance', 'Despesas Médicas', 150, 30, 5, 'Desconhecido'),
	(4589, 'Char2:110000106bfb849', 'steam:1100001347f721a', 'society', 'society_police', 'Multa Policia de Los Santos', 5500, 1, 6, 'Desconhecido'),
	(4627, 'Char2:1100001099ac9ba', 'steam:1100001099ac9ba', 'society', 'society_ambulance', 'Despesas Médicas', 150, 1, 6, 'Desconhecido'),
	(4634, 'Char1:1100001093f45f0', 'steam:110000105b21f5e', 'society', 'society_police', 'Multa Policia de Los Santos', 1500, 1, 6, 'Desconhecido'),
	(4701, 'steam:1100001184c1433', 'steam:110000105b21f5e', 'society', 'society_police', 'Multa Policia de Los Santos', 2850, 3, 6, 'Desconhecido'),
	(4714, 'steam:1100001095216cf', 'steam:1100001095216cf', 'society', 'society_police', 'Teste Teórico de Condução', 50, 3, 6, 'Desconhecido'),
	(4784, 'Char1:1100001121197e8', 'steam:11000011c4100cb', 'society', 'society_police', 'Multa Policia de Los Santos', 200, 4, 6, 'Desconhecido'),
	(4785, 'steam:110000118902e8d', 'steam:11000011738d51d', 'society', 'society_ambulance', 'Despesas Médicas', 200, 4, 6, 'Desconhecido'),
	(4804, 'Char2:1100001180a3800', 'steam:11000011c4100cb', 'society', 'society_police', 'Multa Policia de Los Santos', 500, 4, 6, 'Desconhecido'),
	(4833, 'Char3:110000105bf63e1', 'steam:11000010c444c0a', 'society', 'society_police', 'Valor: 5.9 - TENTATIVA DE FUGA', 750, 4, 6, 'Desconhecido'),
	(4834, 'Char3:110000105bf63e1', 'steam:11000010c444c0a', 'society', 'society_police', 'Valor: 1.7 - VEICULO CLONADO/FURTO', 550, 4, 6, 'Desconhecido'),
	(4835, 'steam:11000010259cce2', 'steam:11000011c4100cb', 'society', 'society_police', 'Multa Policia de Los Santos', 350, 4, 6, 'Desconhecido'),
	(4874, 'steam:11000010c10b94a', 'steam:1100001150f6ef3', 'society', 'society_police', 'Valor: 1.7 - VEICULO CLONADO/FURTO', 550, 5, 6, 'Desconhecido'),
	(4897, 'Char1:11000011672489e', 'steam:11000011672489e', 'society', 'society_police', 'Teste Teórico de Condução', 50, 5, 6, 'Desconhecido'),
	(4910, 'steam:1100001121b084e', 'steam:11000010a29d1a5', 'society', 'society_police', 'Multa Policia de Los Santos', 1200, 5, 6, 'Desconhecido'),
	(4940, 'steam:1100001184c1433', 'steam:1100001184c1433', 'society', 'society_ambulance', 'Despesas Médicas', 150, 6, 6, 'Desconhecido'),
	(4953, 'Char2:11000011476bcad', 'steam:11000011c4100cb', 'society', 'society_police', 'Multa Policia de Los Santos', 7650, 6, 6, 'Desconhecido'),
	(4959, 'Char2:1100001180a3800', 'steam:1100001180a3800', 'society', 'society_ambulance', 'Despesas Médicas', 150, 6, 6, 'Desconhecido'),
	(4971, 'Char4:11000010b29bca0', 'steam:11000010b29bca0', 'society', 'society_ambulance', 'Despesas Médicas', 150, 6, 6, 'Desconhecido'),
	(4977, 'steam:110000112ba4cab', 'steam:110000112ba4cab', 'society', 'society_police', 'Teste Teórico de Condução', 50, 6, 6, 'Desconhecido'),
	(5021, 'Char4:11000010b29bca0', 'steam:110000110af8212', 'society', 'society_ambulance', 'Despesas Médicas', 300, 6, 6, 'Desconhecido'),
	(5024, 'steam:110000103d430a8', 'steam:110000103d430a8', 'society', 'society_police', 'Teste Teórico de Condução', 50, 6, 6, 'Desconhecido'),
	(5028, 'Char4:11000010b29bca0', 'steam:1100001347f721a', 'society', 'society_police', 'Multa Policia de Los Santos', 2025, 7, 6, 'Desconhecido'),
	(5046, 'steam:1100001184c1433', 'steam:11000011738d51d', 'society', 'society_ambulance', 'Despesas Médicas', 380, 7, 6, 'Desconhecido'),
	(5100, 'steam:1100001184c1433', 'steam:1100001347f721a', 'society', 'society_police', 'Multa Policia de Los Santos', 325, 7, 6, 'Desconhecido'),
	(5102, 'Char1:11000010bc5dca9', 'steam:11000010c444c0a', 'society', 'society_police', 'Valor: 5.9 - TENTATIVA DE FUGA', 750, 7, 6, 'Desconhecido'),
	(5104, 'Char1:11000010bc5dca9', 'steam:11000010c444c0a', 'society', 'society_police', 'Valor: 8.1 - Pistola ', 950, 7, 6, 'Desconhecido'),
	(5154, 'steam:110000107c6f9d2', 'steam:11000011c4100cb', 'society', 'society_police', 'Multa Policia de Los Santos', 8450, 7, 6, 'Desconhecido'),
	(5166, 'steam:1100001184c1433', 'steam:1100001113f7c46', 'society', 'society_police', 'Multa Policia de Los Santos', 3000, 8, 6, 'Desconhecido'),
	(5212, 'Char1:11000010bc5dca9', 'steam:110000110af8212', 'society', 'society_ambulance', 'Despesas Médicas', 270, 8, 6, 'Desconhecido'),
	(5238, 'Char3:110000105bf63e1', 'steam:11000010725845e', 'society', 'society_police', 'Multa Policia de Los Santos', 2300, 8, 6, 'Desconhecido'),
	(5246, 'Char1:11000010e96aca9', 'steam:11000010c444c0a', 'society', 'society_police', 'Multa Policia de Los Santos', 3350, 8, 6, 'Desconhecido'),
	(5289, 'Char3:110000105bf63e1', 'steam:110000105bf63e1', 'society', 'society_ambulance', 'Despesas Médicas', 150, 9, 6, 'Desconhecido'),
	(5302, 'steam:11000013420aa85', 'steam:11000013420aa85', 'society', 'society_police', 'Teste Teórico de Condução', 50, 9, 6, 'Desconhecido'),
	(5392, 'steam:11000010091848d', 'steam:11000010091848d', 'society', 'society_police', 'Teste Teórico de Condução', 50, 10, 6, 'Desconhecido'),
	(5411, 'steam:110000103d430a8', 'steam:1100001093f45f0', 'society', 'society_mechanic', 'Mecânico', 150, 10, 6, 'Desconhecido'),
	(5467, 'steam:11000010ae9f81b', 'steam:11000011c4100cb', 'society', 'society_police', 'Multa Policia de Los Santos', 364, 10, 6, 'Desconhecido'),
	(5556, 'Char4:11000011793b211', 'steam:11000010c444c0a', 'society', 'society_police', 'Multa Policia de Los Santos', 2950, 11, 6, 'Desconhecido'),
	(5573, 'Char4:11000011793b211', 'steam:11000011793b211', 'society', 'society_ambulance', 'Despesas Médicas', 150, 11, 6, 'Desconhecido'),
	(5582, 'steam:1100001126888ce', 'steam:11000011c4100cb', 'society', 'society_police', 'Multa Policia de Los Santos', 1250, 11, 6, 'Desconhecido'),
	(5602, 'Char1:110000105524fb6', 'steam:11000010c444c0a', 'society', 'society_police', 'Multa Policia de Los Santos', 2985, 12, 6, 'Desconhecido'),
	(5614, 'Char2:1100001057ed356', 'steam:110000110af8212', 'society', 'society_ambulance', 'Despesas Médicas', 50, 12, 6, 'Desconhecido'),
	(5782, 'Char3:110000105bf63e1', 'steam:11000011c4100cb', 'society', 'society_police', 'Valor: 3.5 - ROUBO  A PROPIEDADE', 950, 14, 6, 'Desconhecido'),
	(5793, 'Char3:110000105bf63e1', 'steam:1100001150f6ef3', 'society', 'society_police', 'Multa Policia de Los Santos', 1500, 14, 6, 'Desconhecido'),
	(5796, 'steam:110000131e82f63', 'steam:110000131e82f63', 'society', 'society_police', 'Teste Teórico de Condução', 50, 14, 6, 'Desconhecido'),
	(8463, 'Char2:110000105b21f5e', 'steam:110000105b21f5e', 'society', 'society_ambulance', 'Despesas Médicas', 150, 16, 6, 'Desconhecido'),
	(8467, 'Char1:11000013d72702b', 'steam:110000112e7202e', 'society', 'society_police', 'Multa Policia de Los Santos', 1300, 16, 6, 'Desconhecido'),
	(8468, 'Char2:110000105b21f5e', 'steam:110000110af8212', 'society', 'society_ambulance', 'Despesas Médicas', 350, 16, 6, 'Desconhecido'),
	(8477, 'steam:11000010c10b94a', 'steam:110000110af8212', 'society', 'society_ambulance', 'Despesas Médicas', 150, 16, 6, 'Desconhecido'),
	(8597, 'steam:1100001120fff9d', 'steam:11000010c444c0a', 'society', 'society_police', 'Multa Policia de Los Santos', 1700, 18, 6, 'Desconhecido'),
	(8621, 'Char4:11000011793b211', 'steam:11000011aa4f798', 'society', 'society_ambulance', 'Despesas Médicas', 350, 18, 6, 'Desconhecido'),
	(8623, 'Char4:11000011793b211', 'steam:110000112e7202e', 'society', 'society_police', 'Multa Policia de Los Santos', 3500, 18, 6, 'Desconhecido'),
	(8627, 'steam:11000011476bcad', 'steam:11000010a632a0e', 'society', 'society_police', 'Multa Policia de Los Santos', 5750, 18, 6, 'Desconhecido'),
	(8669, 'steam:11000013470bb30', 'steam:110000112e7202e', 'society', 'society_police', 'Multa Policia de Los Santos', 7200, 19, 6, 'Desconhecido'),
	(8697, 'steam:1100001150f6ef3', 'steam:110000109a50bf2', 'society', 'society_police', 'Multa Policia de Los Santos', 1900, 20, 6, 'Desconhecido'),
	(8717, 'Char2:11000011185023f', 'steam:11000011185023f', 'society', 'society_police', 'Teste Teórico de Condução', 50, 20, 6, 'Desconhecido'),
	(8726, 'Char2:11000010a8bbf0e', 'steam:11000010a8bbf0e', 'society', 'society_police', 'Teste Teórico de Condução', 50, 20, 6, 'Desconhecido'),
	(8730, 'Char2:11000011476bcad', 'steam:11000011af31a83', 'society', 'society_police', 'Multa Policia de Los Santos', 1700, 20, 6, 'Desconhecido'),
	(8777, 'steam:11000011476bcad', 'steam:11000011476bcad', 'society', 'society_ambulance', 'Despesas Médicas', 150, 21, 6, 'Desconhecido'),
	(8845, 'steam:1100001120fff9d', 'steam:1100001120fff9d', 'society', 'society_ambulance', 'Despesas Médicas', 150, 22, 6, 'Desconhecido'),
	(9024, 'steam:1100001150f6ef3', 'steam:110000112e7202e', 'society', 'society_police', 'Multa Policia de Los Santos', 3900, 23, 6, 'Desconhecido'),
	(9041, 'steam:1100001120fff9d', 'steam:1100001120fff9d', 'society', 'society_ambulance', 'Despesas Médicas', 150, 24, 6, 'Desconhecido'),
	(9107, 'steam:110000118bc1caa', 'steam:11000010a632a0e', 'society', 'society_police', 'Multa Policia de Los Santos', 275, 25, 6, 'Desconhecido'),
	(9128, 'steam:11000010ae9f81b', 'steam:110000103d2eddc', 'society', 'society_police', 'Multa Policia de Los Santos', 350, 25, 6, 'Desconhecido'),
	(9144, 'steam:11000011d5ab182', 'steam:11000010def7fb5', 'society', 'society_police', 'Multa Policia de Los Santos', 3000, 25, 6, 'Desconhecido'),
	(9147, 'steam:1100001067a40c1', 'steam:11000010def7fb5', 'society', 'society_police', 'Multa Policia de Los Santos', 2500, 25, 6, 'Desconhecido'),
	(9149, 'Char1:110000105524fb6', 'steam:11000010def7fb5', 'society', 'society_police', 'Multa Policia de Los Santos', 2500, 25, 6, 'Desconhecido'),
	(9154, 'steam:11000010f1fa184', 'steam:11000010f1fa184', 'society', 'society_police', 'Teste Teórico de Condução', 50, 25, 6, 'Desconhecido'),
	(9172, 'Char1:110000114596064', 'steam:110000110af8212', 'society', 'society_ambulance', 'Despesas Médicas', 140, 25, 6, 'Desconhecido'),
	(9185, 'Char4:1100001036a251e', 'steam:1100001036a251e', 'society', 'society_ambulance', 'Despesas Médicas', 150, 26, 6, 'Desconhecido'),
	(9187, 'Char1:11000011413ef6b', 'steam:11000011413ef6b', 'society', 'society_ambulance', 'Despesas Médicas', 150, 26, 6, 'Desconhecido'),
	(9206, 'steam:1100001067a40c1', 'steam:11000011c4100cb', 'society', 'society_police', 'Multa Policia de Los Santos', 6620, 26, 6, 'Desconhecido'),
	(9287, 'steam:11000011389baf5', 'steam:110000110af8212', 'society', 'society_ambulance', 'Despesas Médicas', 150, 27, 6, 'Desconhecido'),
	(9294, 'Char1:11000013fd2f17f', 'steam:11000011af31a83', 'society', 'society_police', 'Multa Policia de Los Santos', 5000, 27, 6, 'Desconhecido'),
	(9333, 'Char3:11000011c4100cb', 'steam:110000103d2eddc', 'society', 'society_police', 'Multa Policia de Los Santos', 1700, 28, 6, 'Desconhecido'),
	(9341, 'Char3:11000011c4100cb', 'steam:11000011c4100cb', 'society', 'society_police', 'Teste Teórico de Condução', 50, 28, 6, 'Desconhecido'),
	(9360, 'steam:11000010ae9f81b', 'steam:11000011c4100cb', 'society', 'society_police', 'Multa Policia de Los Santos', 1150, 28, 6, 'Desconhecido'),
	(9368, 'steam:1100001121b084e', 'steam:11000010acfa9dd', 'society', 'society_police', 'Multa Policia de Los Santos', 1000, 28, 6, 'Desconhecido'),
	(9392, 'Char1:11000013fd2f17f', 'steam:11000010def7fb5', 'society', 'society_police', 'Multa Policia de Los Santos', 1500, 28, 6, 'Desconhecido'),
	(9406, 'Char1:1100001335a225f', 'steam:110000109a50bf2', 'society', 'society_police', 'Multa Policia de Los Santos', 7235, 28, 6, 'Desconhecido'),
	(9434, 'Char1:110000113a31c85', 'steam:110000113a31c85', 'society', 'society_ambulance', 'Despesas Médicas', 150, 29, 6, 'Desconhecido'),
	(9450, 'Char3:110000105bf63e1', 'steam:110000105bf63e1', 'society', 'society_ambulance', 'Despesas Médicas', 150, 29, 6, 'Desconhecido'),
	(9467, 'steam:11000010c444c0a', 'steam:11000011c4100cb', 'society', 'society_police', 'Multa Policia de Los Santos', 7250, 30, 6, 'Desconhecido'),
	(9470, 'Char2:1100001121b084e', 'steam:1100001121b084e', 'society', 'society_ambulance', 'Despesas Médicas', 150, 30, 6, 'Desconhecido'),
	(9561, 'steam:11000010d34c06e', 'steam:11000010883e0cc', 'society', 'society_police', 'Multa Policia de Los Santos', 4000, 1, 7, 'Desconhecido'),
	(9564, 'Char3:110000105bf63e1', 'steam:11000010d41e14d', 'society', 'society_mechanic', 'Mecânico', 1576, 1, 7, 'Desconhecido'),
	(9595, 'Char4:11000010def7fb5', 'steam:1100001353b5db5', 'society', 'society_police', 'Multa Policia de Los Santos', 3000, 1, 7, 'Desconhecido'),
	(9612, 'steam:11000011a6e1b82', 'steam:11000010883e0cc', 'society', 'society_police', 'Multa Policia de Los Santos', 560, 2, 7, 'Desconhecido'),
	(9613, 'Char4:11000010def7fb5', 'steam:110000104788c0a', 'society', 'society_police', 'Multa Policia de Los Santos', 6750, 2, 7, 'Desconhecido'),
	(9644, 'Char1:110000105524fb6', 'steam:11000011413ef6b', 'society', 'society_police', 'Multa Policia de Los Santos', 2050, 2, 7, 'Desconhecido'),
	(9652, 'Char1:110000113a31c85', 'steam:110000113a31c85', 'society', 'society_ambulance', 'Despesas Médicas', 150, 2, 7, 'Desconhecido'),
	(9661, 'Char4:11000010def7fb5', 'steam:11000011c4100cb', 'society', 'society_police', 'Multa Policia de Los Santos', 2700, 2, 7, 'Desconhecido'),
	(9663, 'Char1:110000113a31c85', 'steam:110000113a31c85', 'society', 'society_ambulance', 'Despesas Médicas', 150, 2, 7, 'Desconhecido'),
	(9677, 'steam:11000011a6e1b82', 'steam:110000114734901', 'society', 'society_police', 'Multa Policia de Los Santos', 205, 2, 7, 'Desconhecido'),
	(9685, 'steam:110000109340e43', 'steam:11000010a632a0e', 'society', 'society_police', 'Multa Policia de Los Santos', 3000, 2, 7, 'Desconhecido'),
	(9689, 'Char4:11000010def7fb5', 'steam:11000011c4100cb', 'society', 'society_police', 'Multa Policia de Los Santos', 3275, 2, 7, 'Desconhecido'),
	(9691, 'Char2:11000011476bcad', 'steam:11000011c4100cb', 'society', 'society_police', 'Multa Policia de Los Santos', 2950, 2, 7, 'Desconhecido'),
	(9699, 'Char2:110000106bfb849', 'steam:110000104c64c2f', 'society', 'society_police', 'Multa Policia de Los Santos', 700, 2, 7, 'Desconhecido'),
	(9705, 'steam:110000109340e43', 'steam:1100001353b5db5', 'society', 'society_police', 'Multa Policia de Los Santos', 5000, 2, 7, 'Desconhecido'),
	(9712, 'Char1:110000113a31c85', 'steam:110000105b21f5e', 'society', 'society_police', 'Multa Policia de Los Santos', 3700, 3, 7, 'Desconhecido'),
	(9714, 'steam:110000107c6f9d2', 'steam:110000109a50bf2', 'society', 'society_police', 'Multa Policia de Los Santos', 3700, 3, 7, 'Desconhecido'),
	(9715, 'Char1:1100001335a225f', 'steam:110000105b21f5e', 'society', 'society_police', 'Multa Policia de Los Santos', 3700, 3, 7, 'Desconhecido'),
	(9761, 'steam:11000011ae7fcf0', 'steam:110000101bbf316', 'society', 'society_police', 'Multa Policia de Los Santos', 7200, 3, 7, 'Desconhecido'),
	(9762, 'steam:1100001151e5b4f', 'steam:11000011c4100cb', 'society', 'society_police', 'Multa Policia de Los Santos', 5200, 3, 7, 'Desconhecido'),
	(9765, 'steam:11000013470bb30', 'steam:11000010883e0cc', 'society', 'society_police', 'Multa Policia de Los Santos', 4000, 3, 7, 'Desconhecido'),
	(9775, 'steam:11000010ae9f81b', 'steam:110000101bbf316', 'society', 'society_police', 'Multa Policia de Los Santos', 3720, 3, 7, 'Desconhecido'),
	(9822, 'Char1:1100001076c47fd', 'steam:110000103d2eddc', 'society', 'society_police', 'Multa Policia de Los Santos', 1500, 4, 7, 'Desconhecido'),
	(9824, 'steam:1100001121b084e', 'steam:1100001057ed356', 'society', 'society_police', 'Multa Policia de Los Santos', 370, 4, 7, 'Desconhecido'),
	(9840, 'Char1:1100001076c47fd', 'steam:110000104788c0a', 'society', 'society_police', 'Multa Policia de Los Santos', 2000, 4, 7, 'Desconhecido'),
	(9915, 'steam:11000010c444c0a', 'steam:11000010def7fb5', 'society', 'society_police', 'Multa Policia de Los Santos', 5000, 4, 7, 'Desconhecido'),
	(9916, 'Char1:110000113a31c85', 'steam:11000013fd2f17f', 'society', 'society_police', 'Multa Policia de Los Santos', 700, 4, 7, 'Desconhecido'),
	(9925, 'Char1:110000105524fb6', 'steam:110000101bbf316', 'society', 'society_police', 'Multa Policia de Los Santos', 2925, 4, 7, 'Desconhecido'),
	(9928, 'steam:11000013716c979', 'steam:110000112e7202e', 'society', 'society_police', 'Multa Policia de Los Santos', 3700, 4, 7, 'Desconhecido'),
	(9929, 'steam:1100001116dbda8', 'steam:11000010acfa9dd', 'society', 'society_police', 'Multa Policia de Los Santos', 2250, 4, 7, 'Desconhecido'),
	(9943, 'steam:110000109340e43', 'steam:1100001180a3800', 'society', 'society_police', 'Multa Policia de Los Santos', 5000, 5, 7, 'Desconhecido'),
	(9944, 'Char1:1100001076c47fd', 'steam:1100001347f721a', 'society', 'society_police', 'Multa Policia de Los Santos', 500, 5, 7, 'Desconhecido'),
	(9945, 'Char4:11000010def7fb5', 'steam:1100001347f721a', 'society', 'society_police', 'Multa Policia de Los Santos', 2475, 5, 7, 'Desconhecido'),
	(9948, 'steam:110000113f4d562', 'steam:110000113f4d562', 'society', 'society_ambulance', 'Despesas Médicas', 150, 5, 7, 'Desconhecido'),
	(9951, 'Char1:1100001076c47fd', 'steam:11000013fd2f17f', 'society', 'society_police', 'Multa Policia de Los Santos', 2000, 5, 7, 'Desconhecido'),
	(9982, 'steam:11000011a6e1b82', 'steam:1100001180a3800', 'society', 'society_police', 'Multa Policia de Los Santos', 500, 5, 7, 'Desconhecido'),
	(9987, 'steam:11000010d34c06e', 'steam:11000010d34c06e', 'society', 'society_ambulance', 'Despesas Médicas', 150, 5, 7, 'Desconhecido'),
	(10042, 'steam:1100001116dbda8', 'steam:1100001347f721a', 'society', 'society_police', 'Multa Policia de Los Santos', 700, 6, 7, 'Desconhecido'),
	(10046, 'steam:11000011b2591e5', 'steam:1100001124763f6', 'society', 'society_police', 'Multa Policia de Los Santos', 1200, 6, 7, 'Desconhecido'),
	(10047, 'steam:11000013716c979', 'steam:1100001180a3800', 'society', 'society_police', 'Multa Policia de Los Santos', 2500, 6, 7, 'Desconhecido'),
	(10065, 'Char4:11000010def7fb5', 'steam:11000013d72702b', 'society', 'society_police', 'Multa Policia de Los Santos', 8150, 6, 7, 'Desconhecido'),
	(10088, 'Char2:11000011476bcad', 'steam:110000105b21f5e', 'society', 'society_police', 'Multa Policia de Los Santos', 4500, 6, 7, 'Desconhecido'),
	(10104, 'steam:1100001150f6ef3', 'steam:11000010883e0cc', 'society', 'society_police', 'Multa Policia de Los Santos', 8950, 6, 7, 'Desconhecido'),
	(10107, 'steam:1100001067a40c1', 'steam:11000010def7fb5', 'society', 'society_police', 'Multa Policia de Los Santos', 1500, 6, 7, 'Desconhecido'),
	(10110, 'steam:1100001116dbda8', 'steam:11000010def7fb5', 'society', 'society_police', 'Multa Policia de Los Santos', 1500, 6, 7, 'Desconhecido'),
	(10111, 'Char1:11000010af65963', 'steam:11000010def7fb5', 'society', 'society_police', 'Multa Policia de Los Santos', 1500, 6, 7, 'Desconhecido'),
	(10116, 'steam:110000107c6f9d2', 'steam:110000109a50bf2', 'society', 'society_police', 'Multa Policia de Los Santos', 500, 6, 7, 'Desconhecido'),
	(10117, 'steam:11000010ae9f81b', 'steam:1100001057ed356', 'society', 'society_police', 'Multa Policia de Los Santos', 850, 6, 7, 'Desconhecido'),
	(10118, 'Char1:1100001076c47fd', 'steam:11000011c4100cb', 'society', 'society_police', 'Multa Policia de Los Santos', 1700, 6, 7, 'Desconhecido'),
	(10125, 'steam:110000113f4d562', 'steam:110000113f4d562', 'society', 'society_ambulance', 'Despesas Médicas', 150, 6, 7, 'Desconhecido'),
	(10131, 'Char1:1100001076c47fd', 'steam:1100001057ed356', 'society', 'society_police', 'Multa Policia de Los Santos', 2400, 7, 7, 'Desconhecido'),
	(10154, 'steam:11000010c8fb3ed', 'steam:11000010c8fb3ed', 'society', 'society_ambulance', 'Despesas Médicas', 150, 7, 7, 'Desconhecido'),
	(10163, 'Char1:1100001076c47fd', 'steam:11000013d72702b', 'society', 'society_police', 'Multa Policia de Los Santos', 950, 7, 7, 'Desconhecido'),
	(10178, 'Char1:1100001076c47fd', 'steam:11000013fd2f17f', 'society', 'society_police', 'Multa Policia de Los Santos', 10000, 7, 7, 'Desconhecido'),
	(10189, 'steam:11000010c8fb3ed', 'steam:11000010c8fb3ed', 'society', 'society_ambulance', 'Despesas Médicas', 150, 7, 7, 'Desconhecido'),
	(10234, 'Char1:11000010af65963', 'steam:11000011413ef6b', 'society', 'society_police', 'Multa Policia de Los Santos', 1500, 8, 7, 'Desconhecido'),
	(10255, 'steam:1100001066c9a6c', 'steam:110000101bbf316', 'society', 'society_police', 'Multa Policia de Los Santos', 7350, 9, 7, 'Desconhecido'),
	(10256, 'steam:110000110986baa', 'steam:11000011d5ab182', 'society', 'society_police', 'Multa Policia de Los Santos', 7350, 9, 7, 'Desconhecido'),
	(10258, 'steam:110000115ed59a6', 'steam:11000013fd2f17f', 'society', 'society_police', 'Multa Policia de Los Santos', 7350, 9, 7, 'Desconhecido'),
	(10259, 'steam:11000011ae7fcf0', 'steam:11000010c6e49d0', 'society', 'society_police', 'Multa Policia de Los Santos', 7350, 9, 7, 'Desconhecido'),
	(10261, 'steam:11000010c8fb3ed', 'steam:11000010c8fb3ed', 'society', 'society_ambulance', 'Despesas Médicas', 150, 9, 7, 'Desconhecido'),
	(10279, 'Char1:1100001076c47fd', 'steam:1100001124763f6', 'society', 'society_police', 'Multa Policia de Los Santos', 4000, 9, 7, 'Desconhecido'),
	(10312, 'steam:11000010c444c0a', 'steam:1100001180a3800', 'society', 'society_police', 'Multa Policia de Los Santos', 500, 10, 7, 'Desconhecido'),
	(10336, 'Char1:11000010af65963', 'steam:11000010af65963', 'society', 'society_ambulance', 'Despesas Médicas', 150, 10, 7, 'Desconhecido'),
	(10339, 'steam:11000010c8fb3ed', 'steam:11000010c8fb3ed', 'society', 'society_ambulance', 'Despesas Médicas', 150, 10, 7, 'Desconhecido'),
	(10344, 'steam:1100001111b0592', 'steam:1100001111b0592', 'society', 'society_ambulance', 'Despesas Médicas', 150, 10, 7, 'Desconhecido'),
	(10382, 'steam:11000010d34c06e', 'steam:11000010d34c06e', 'society', 'society_ambulance', 'Despesas Médicas', 150, 11, 7, 'Desconhecido'),
	(10386, 'steam:1100001191858da', 'steam:1100001191858da', 'society', 'society_ambulance', 'Despesas Médicas', 150, 11, 7, 'Desconhecido'),
	(10392, 'steam:11000010d34c06e', 'steam:11000010d34c06e', 'society', 'society_ambulance', 'Despesas Médicas', 150, 11, 7, 'Desconhecido'),
	(10398, 'steam:11000010d34c06e', 'steam:11000010d34c06e', 'society', 'society_ambulance', 'Despesas Médicas', 150, 11, 7, 'Desconhecido'),
	(10400, 'steam:11000010d34c06e', 'steam:110000112e7202e', 'society', 'society_police', 'Multa Policia de Los Santos', 4250, 11, 7, 'Desconhecido'),
	(10414, 'steam:1100001365f3934', 'steam:110000101bbf316', 'society', 'society_police', 'Multa Policia de Los Santos', 340, 11, 7, 'Desconhecido'),
	(10419, 'steam:1100001365f3934', 'steam:1100001365f3934', 'society', 'society_ambulance', 'Despesas Médicas', 150, 11, 7, 'Desconhecido'),
	(10431, 'steam:11000011a6e1b82', 'steam:11000010def7fb5', 'society', 'society_police', 'Valor: 3.5 - ROUBO  A PROPIEDADE', 950, 11, 7, 'Desconhecido'),
	(10436, 'steam:11000010c8fb3ed', 'steam:11000010478d021', 'society', 'society_ambulance', 'Despesas Médicas', 150, 11, 7, 'Desconhecido'),
	(10449, 'Char1:11000013e6ba043', 'steam:110000109a50bf2', 'society', 'society_police', 'Multa Policia de Los Santos', 6300, 11, 7, 'Desconhecido'),
	(10472, 'Char2:11000010acfa9dd', 'steam:11000010acfa9dd', 'society', 'society_ambulance', 'Despesas Médicas', 150, 11, 7, 'Desconhecido'),
	(10513, 'steam:11000010ae9f81b', 'steam:110000104788c0a', 'society', 'society_police', 'Multa Policia de Los Santos', 500, 12, 7, 'Desconhecido'),
	(10545, 'steam:11000010c8fb3ed', 'steam:11000010c8fb3ed', 'society', 'society_ambulance', 'Despesas Médicas', 150, 12, 7, 'Desconhecido'),
	(10551, 'steam:11000010c8fb3ed', 'steam:11000010c8fb3ed', 'society', 'society_ambulance', 'Despesas Médicas', 150, 12, 7, 'Desconhecido'),
	(10560, 'steam:1100001067a40c1', 'steam:110000103d2eddc', 'society', 'society_police', 'Multa Policia de Los Santos', 1800, 12, 7, 'Desconhecido'),
	(10566, 'steam:11000010c8fb3ed', 'steam:11000010c8fb3ed', 'society', 'society_ambulance', 'Despesas Médicas', 150, 12, 7, 'Desconhecido'),
	(10585, 'steam:11000010c444c0a', 'steam:11000010c444c0a', 'society', 'society_ambulance', 'Despesas Médicas', 150, 13, 7, 'Desconhecido'),
	(10614, 'steam:11000011a6e1b82', 'steam:11000013d72702b', 'society', 'society_police', 'Multa Policia de Los Santos', 200, 13, 7, 'Desconhecido'),
	(10618, 'Char3:11000010c6e49d0', 'steam:11000010c6e49d0', 'society', 'society_ambulance', 'Despesas Médicas', 150, 13, 7, 'Desconhecido'),
	(10622, 'Char1:110000113a59019', 'steam:110000101bbf316', 'society', 'society_police', 'Multa Policia de Los Santos', 850, 13, 7, 'Desconhecido'),
	(10623, 'Char3:11000010c6e49d0', 'steam:110000109a50bf2', 'society', 'society_police', 'Multa Policia de Los Santos', 850, 13, 7, 'Desconhecido'),
	(10635, 'steam:11000010c444c0a', 'steam:11000010c444c0a', 'society', 'society_ambulance', 'Despesas Médicas', 150, 13, 7, 'Desconhecido'),
	(10648, 'steam:11000010c444c0a', 'steam:110000109a50bf2', 'society', 'society_police', 'Multa Policia de Los Santos', 3000, 13, 7, 'Desconhecido'),
	(10650, 'steam:11000013470bb30', 'steam:110000109a50bf2', 'society', 'society_police', 'Multa Policia de Los Santos', 3000, 13, 7, 'Desconhecido'),
	(10671, 'steam:1100001191858da', 'steam:1100001191858da', 'society', 'society_ambulance', 'Despesas Médicas', 150, 14, 7, 'Desconhecido'),
	(10674, 'steam:11000010c444c0a', 'steam:11000010c444c0a', 'society', 'society_ambulance', 'Despesas Médicas', 150, 14, 7, 'Desconhecido'),
	(10687, 'steam:11000010c444c0a', 'steam:11000010def7fb5', 'society', 'society_police', 'Multa Policia de Los Santos', 2500, 14, 7, 'Desconhecido'),
	(10698, 'steam:11000010c444c0a', 'steam:11000010c444c0a', 'society', 'society_ambulance', 'Despesas Médicas', 150, 14, 7, 'Desconhecido'),
	(10703, 'steam:110000109340e43', 'steam:11000010def7fb5', 'society', 'society_police', 'Valor: 6.9 - SEQUESTRO', 900, 14, 7, 'Desconhecido'),
	(10704, 'steam:110000109340e43', 'steam:11000010def7fb5', 'society', 'society_police', 'Valor: 8.1 - Pistola ', 950, 14, 7, 'Desconhecido'),
	(10705, 'steam:110000109340e43', 'steam:11000010def7fb5', 'society', 'society_police', 'Valor: 6.9 - SEQUESTRO', 900, 14, 7, 'Desconhecido'),
	(10706, 'steam:110000109340e43', 'steam:11000010def7fb5', 'society', 'society_police', 'Valor: 8.1 - Pistola ', 950, 14, 7, 'Desconhecido'),
	(10717, 'steam:110000115ed59a6', 'steam:1100001129595e6', 'society', 'society_police', 'Multa Policia de Los Santos', 1200, 14, 7, 'Desconhecido'),
	(10734, 'steam:1100001067a40c1', 'steam:1100001067a40c1', 'society', 'society_ambulance', 'Despesas Médicas', 150, 14, 7, 'Desconhecido'),
	(10738, 'steam:11000010c8fb3ed', 'steam:11000010c8fb3ed', 'society', 'society_ambulance', 'Despesas Médicas', 150, 14, 7, 'Desconhecido'),
	(10744, 'steam:110000132041d21', 'steam:110000132041d21', 'society', 'society_ambulance', 'Despesas Médicas', 150, 14, 7, 'Desconhecido'),
	(10749, 'steam:1100001067a40c1', 'steam:1100001067a40c1', 'society', 'society_ambulance', 'Despesas Médicas', 150, 14, 7, 'Desconhecido'),
	(10790, 'steam:110000132041d21', 'steam:11000011d3080fc', 'society', 'society_mechanic', 'Mecânico', 150, 14, 7, 'Desconhecido'),
	(10796, 'steam:1100001113f7c46', 'steam:1100001137bbf85', 'society', 'society_mechanic', 'Mecânico', 1378, 14, 7, 'Desconhecido'),
	(10807, 'steam:11000010c444c0a', 'steam:11000010c444c0a', 'society', 'society_ambulance', 'Despesas Médicas', 150, 14, 7, 'Desconhecido'),
	(10820, 'steam:110000109340e43', 'steam:1100001347f721a', 'society', 'society_police', 'Multa Policia de Los Santos', 6000, 15, 7, 'Desconhecido'),
	(10822, 'steam:1100001118961c0', 'steam:1100001129595e6', 'society', 'society_police', 'Multa Policia de Los Santos', 6000, 15, 7, 'Desconhecido'),
	(10823, 'steam:11000013470bb30', 'steam:1100001129595e6', 'society', 'society_police', 'Multa Policia de Los Santos', 6000, 15, 7, 'Desconhecido'),
	(10829, 'steam:11000010c444c0a', 'steam:11000010c444c0a', 'society', 'society_ambulance', 'Despesas Médicas', 150, 15, 7, 'Desconhecido'),
	(10839, 'steam:11000010c444c0a', 'steam:11000010c444c0a', 'society', 'society_ambulance', 'Despesas Médicas', 150, 15, 7, 'Desconhecido'),
	(10842, 'steam:11000010c444c0a', 'steam:11000011c4100cb', 'society', 'society_police', 'Multa Policia de Los Santos', 2950, 15, 7, 'Desconhecido'),
	(10861, 'steam:11000010c8fb3ed', 'steam:11000010c8fb3ed', 'society', 'society_ambulance', 'Despesas Médicas', 150, 15, 7, 'Desconhecido'),
	(10901, 'steam:11000010c8fb3ed', 'steam:11000010c8fb3ed', 'society', 'society_ambulance', 'Despesas Médicas', 150, 15, 7, 'Desconhecido'),
	(10916, 'Char3:11000010c6e49d0', 'steam:11000010c6e49d0', 'society', 'society_ambulance', 'Despesas Médicas', 150, 15, 7, 'Desconhecido'),
	(10926, 'steam:11000010602b2e5', 'steam:11000010602b2e5', 'society', 'society_ambulance', 'Despesas Médicas', 150, 15, 7, 'Desconhecido'),
	(10938, 'steam:110000109cdc65a', 'steam:11000010def7fb5', 'society', 'society_police', 'Multa Policia de Los Santos', 2330, 16, 7, 'Desconhecido'),
	(10939, 'steam:110000109cdc65a', 'steam:11000010def7fb5', 'society', 'society_police', 'Multa Policia de Los Santos', 4660, 16, 7, 'Desconhecido'),
	(10965, 'steam:11000010c8fb3ed', 'steam:11000010c8fb3ed', 'society', 'society_ambulance', 'Despesas Médicas', 150, 16, 7, 'Desconhecido'),
	(10972, 'Char1:11000013fd2f17f', 'steam:11000013d72702b', 'society', 'society_police', 'Multa Policia de Los Santos', 1450, 16, 7, 'Desconhecido'),
	(10974, 'Char3:11000010d690f82', 'steam:1100001129595e6', 'society', 'society_police', 'Multa Policia de Los Santos', 1450, 16, 7, 'Desconhecido'),
	(10992, 'steam:11000010c444c0a', 'steam:11000010a632a0e', 'society', 'society_police', 'Multa Policia de Los Santos', 1350, 16, 7, 'Desconhecido'),
	(11022, 'steam:1100001191858da', 'steam:1100001191858da', 'society', 'society_ambulance', 'Despesas Médicas', 150, 16, 7, 'Desconhecido'),
	(11048, 'steam:11000010c444c0a', 'steam:11000010c444c0a', 'society', 'society_ambulance', 'Despesas Médicas', 150, 17, 7, 'Desconhecido'),
	(11053, 'steam:11000010c444c0a', 'steam:110000109a50bf2', 'society', 'society_police', 'Multa Policia de Los Santos', 750, 17, 7, 'Desconhecido'),
	(11058, 'steam:11000013716c979', 'steam:11000013716c979', 'society', 'society_ambulance', 'Despesas Médicas', 150, 17, 7, 'Desconhecido'),
	(11063, 'Char1:110000105524fb6', 'steam:11000010af65963', 'society', 'society_police', 'Multa Policia de Los Santos', 5000, 17, 7, 'Desconhecido'),
	(11065, 'steam:11000013716c979', 'steam:11000010af65963', 'society', 'society_police', 'Multa Policia de Los Santos', 5000, 17, 7, 'Desconhecido'),
	(11066, 'steam:110000106d2e4c9', 'steam:11000010af65963', 'society', 'society_police', 'Multa Policia de Los Santos', 3000, 17, 7, 'Desconhecido'),
	(11067, 'steam:11000010c444c0a', 'steam:11000010c444c0a', 'society', 'society_ambulance', 'Despesas Médicas', 150, 17, 7, 'Desconhecido'),
	(11078, 'steam:11000010c8fb3ed', 'steam:11000010c8fb3ed', 'society', 'society_ambulance', 'Despesas Médicas', 150, 17, 7, 'Desconhecido'),
	(11079, 'steam:11000013716c979', 'steam:11000013716c979', 'society', 'society_ambulance', 'Despesas Médicas', 150, 17, 7, 'Desconhecido'),
	(11081, 'steam:1100001113f7c46', 'steam:1100001137bbf85', 'society', 'society_mechanic', 'Mecânico', 216, 17, 7, 'Desconhecido'),
	(11121, 'steam:11000011a6e1b82', 'steam:11000011c4100cb', 'society', 'society_police', 'Multa Policia de Los Santos', 7900, 17, 7, 'Desconhecido'),
	(11127, 'Char3:1100001020e0291', 'steam:11000011c908b4f', 'society', 'society_police', 'Multa Policia de Los Santos', 5000, 17, 7, 'Desconhecido'),
	(11141, 'steam:110000106d2e4c9', 'steam:110000106d2e4c9', 'society', 'society_ambulance', 'Despesas Médicas', 150, 18, 7, 'Desconhecido'),
	(11160, 'steam:11000013c99ff4d', 'steam:11000013c99ff4d', 'society', 'society_ambulance', 'Despesas Médicas', 150, 18, 7, 'Desconhecido'),
	(11166, 'steam:110000107c6f9d2', 'steam:11000011c4100cb', 'society', 'society_police', 'Multa Policia de Los Santos', 4175, 18, 7, 'Desconhecido'),
	(11192, 'steam:11000013716c979', 'steam:1100001137bbf85', 'society', 'society_mechanic', 'Mecânico', 39000, 18, 7, 'Desconhecido'),
	(11206, 'steam:11000013716c979', 'steam:11000010a632a0e', 'society', 'society_police', 'Multa Policia de Los Santos', 500, 18, 7, 'Desconhecido'),
	(11242, 'steam:110000110986baa', 'steam:1100001119cf118', 'society', 'society_police', 'Multa Policia de Los Santos', 4600, 19, 7, 'Desconhecido'),
	(11249, 'steam:110000106d2e4c9', 'steam:110000106d2e4c9', 'society', 'society_ambulance', 'Despesas Médicas', 150, 19, 7, 'Desconhecido'),
	(11251, 'steam:110000106d2e4c9', 'steam:110000104788c0a', 'society', 'society_police', 'Multa Policia de Los Santos', 2500, 19, 7, 'Desconhecido'),
	(11264, 'Char2:110000115ed59a6', 'steam:110000115ed59a6', 'society', 'society_ambulance', 'Despesas Médicas', 150, 19, 7, 'Desconhecido'),
	(11266, 'Char2:110000115ed59a6', 'steam:110000115ed59a6', 'society', 'society_police', 'Teste Teórico de Condução', 50, 19, 7, 'Desconhecido'),
	(11301, 'Char1:11000013fd2f17f', 'steam:1100001180a3800', 'society', 'society_police', 'Multa Policia de Los Santos', 2500, 19, 7, 'Desconhecido'),
	(11305, 'steam:11000013470bb30', 'steam:110000104788c0a', 'society', 'society_police', 'Multa Policia de Los Santos', 4700, 19, 7, 'Desconhecido'),
	(11332, 'steam:110000109340e43', 'steam:11000010def7fb5', 'society', 'society_police', 'Multa Policia de Los Santos', 3200, 19, 7, 'Desconhecido'),
	(11335, 'steam:11000013470bb30', 'steam:11000010def7fb5', 'society', 'society_police', 'Multa Policia de Los Santos', 2000, 19, 7, 'Desconhecido'),
	(11339, 'steam:110000110986baa', 'steam:110000104788c0a', 'society', 'society_police', 'Multa Policia de Los Santos', 2750, 19, 7, 'Desconhecido'),
	(11342, 'steam:1100001365f3934', 'steam:1100001365f3934', 'society', 'society_ambulance', 'Despesas Médicas', 150, 19, 7, 'Desconhecido'),
	(11357, 'steam:1100001137bbf85', 'steam:1100001137bbf85', 'society', 'society_ambulance', 'Despesas Médicas', 150, 20, 7, 'Desconhecido'),
	(11358, 'steam:1100001126888ce', 'steam:110000111038f30', 'society', 'society_mechanic2', 'Mecânico', 50, 20, 7, 'Desconhecido'),
	(11377, 'steam:11000011a6e1b82', 'steam:110000101bbf316', 'society', 'society_police', 'Multa Policia de Los Santos', 280, 20, 7, 'Desconhecido'),
	(11385, 'Char4:11000010def7fb5', 'steam:11000010def7fb5', 'society', 'society_ambulance', 'Despesas Médicas', 150, 20, 7, 'Desconhecido'),
	(11388, 'Char4:11000010def7fb5', 'steam:110000104788c0a', 'society', 'society_police', 'Multa Policia de Los Santos', 7760, 20, 7, 'Desconhecido'),
	(11393, 'Char4:1100001076c47fd', 'steam:1100001076c47fd', 'society', 'society_ambulance', 'Despesas Médicas', 150, 20, 7, 'Desconhecido'),
	(11398, 'steam:1100001186f6cd9', 'steam:1100001186f6cd9', 'society', 'society_police', 'Teste Teórico de Condução', 50, 20, 7, 'Desconhecido'),
	(11411, 'Char4:1100001076c47fd', 'steam:1100001076c47fd', 'society', 'society_ambulance', 'Despesas Médicas', 150, 20, 7, 'Desconhecido'),
	(11421, 'steam:11000010b35bedb', 'steam:11000010b35bedb', 'society', 'society_police', 'Teste Teórico de Condução', 50, 20, 7, 'Desconhecido'),
	(11448, 'steam:110000115aa5baa', 'steam:110000115aa5baa', 'society', 'society_ambulance', 'Despesas Médicas', 150, 20, 7, 'Desconhecido'),
	(11459, 'steam:110000109cdc65a', 'steam:11000010725845e', 'society', 'society_police', 'Multa Policia de Los Santos', 2950, 20, 7, 'Desconhecido'),
	(11472, 'steam:110000119151f80', 'steam:110000119151f80', 'society', 'society_police', 'Teste Teórico de Condução', 50, 20, 7, 'Desconhecido'),
	(11477, 'Char4:110000105bf63e1', 'steam:110000105bf63e1', 'society', 'society_ambulance', 'Despesas Médicas', 150, 20, 7, 'Desconhecido'),
	(11495, 'steam:11000010c444c0a', 'steam:11000010c444c0a', 'society', 'society_ambulance', 'Despesas Médicas', 150, 21, 7, 'Desconhecido'),
	(11503, 'steam:11000010c444c0a', 'steam:11000011c908b4f', 'society', 'society_police', 'Multa Policia de Los Santos', 3000, 21, 7, 'Desconhecido'),
	(11505, 'Char1:1100001335a225f', 'steam:1100001335a225f', 'society', 'society_ambulance', 'Despesas Médicas', 150, 21, 7, 'Desconhecido'),
	(11511, 'steam:1100001066c9a6c', 'steam:1100001066c9a6c', 'society', 'society_ambulance', 'Despesas Médicas', 150, 21, 7, 'Desconhecido'),
	(11521, 'steam:11000013c99ff4d', 'steam:11000013c99ff4d', 'society', 'society_ambulance', 'Despesas Médicas', 150, 21, 7, 'Desconhecido'),
	(11526, 'steam:11000013529ab7d', 'steam:11000013529ab7d', 'society', 'society_police', 'Teste Teórico de Condução', 50, 21, 7, 'Desconhecido'),
	(11530, 'steam:11000011d3080fc', 'steam:11000010def7fb5', 'society', 'society_police', 'Multa Policia de Los Santos', 7500, 21, 7, 'Desconhecido'),
	(11532, 'steam:11000011a6e1b82', 'steam:110000104788c0a', 'society', 'society_police', 'Multa Policia de Los Santos', 975, 21, 7, 'Desconhecido'),
	(11534, 'steam:11000011071d1d0', 'steam:11000011a3ada15', 'society', 'society_mechanic', 'Mecânico', 1400, 21, 7, 'Desconhecido'),
	(11554, 'steam:11000010b29bca0', 'steam:11000011c4100cb', 'society', 'society_police', 'Multa Policia de Los Santos', 1000, 21, 7, 'Desconhecido'),
	(11567, 'steam:11000010e2c850e', 'steam:11000010e2c850e', 'society', 'society_ambulance', 'Despesas Médicas', 150, 21, 7, 'Desconhecido'),
	(11569, 'steam:110000103372115', 'steam:110000103372115', 'society', 'society_ambulance', 'Despesas Médicas', 150, 21, 7, 'Desconhecido'),
	(11578, 'steam:11000010e2c850e', 'steam:11000010e2c850e', 'society', 'society_ambulance', 'Despesas Médicas', 150, 21, 7, 'Desconhecido'),
	(11580, 'steam:11000010c444c0a', 'steam:11000010c444c0a', 'society', 'society_ambulance', 'Despesas Médicas', 150, 21, 7, 'Desconhecido'),
	(11585, 'steam:1100001195d70bb', 'steam:11000011c4100cb', 'society', 'society_police', 'Multa Policia de Los Santos', 9400, 21, 7, 'Desconhecido'),
	(11586, 'steam:11000010e2c850e', 'steam:11000010e2c850e', 'society', 'society_ambulance', 'Despesas Médicas', 150, 21, 7, 'Desconhecido'),
	(11589, 'steam:110000106d2e4c9', 'steam:11000010725845e', 'society', 'society_police', 'Multa Policia de Los Santos', 1900, 21, 7, 'Desconhecido'),
	(11600, 'steam:110000106d2e4c9', 'steam:110000106d2e4c9', 'society', 'society_ambulance', 'Despesas Médicas', 150, 22, 7, 'Desconhecido'),
	(11601, 'steam:110000137f4c230', 'steam:110000101bbf316', 'society', 'society_police', 'Multa Policia de Los Santos', 1500, 22, 7, 'Desconhecido'),
	(11602, 'steam:110000106d2e4c9', 'steam:110000109a50bf2', 'society', 'society_police', 'Multa Policia de Los Santos', 2000, 22, 7, 'Desconhecido'),
	(11605, 'steam:11000013de3935b', 'steam:11000013de3935b', 'society', 'society_police', 'Teste Teórico de Condução', 50, 22, 7, 'Desconhecido'),
	(11637, 'steam:1100001126d0353', 'steam:11000013d72702b', 'society', 'society_police', 'Multa Policia de Los Santos', 1500, 22, 7, 'Desconhecido'),
	(11642, 'steam:110000110af8212', 'steam:1100001137bbf85', 'society', 'society_mechanic', 'Mecânico', 5900, 22, 7, 'Desconhecido'),
	(11650, 'Char1:1100001347f721a', 'steam:110000101bbf316', 'society', 'society_police', 'Multa Policia de Los Santos', 375, 22, 7, 'Desconhecido'),
	(11651, 'steam:1100001151e5b4f', 'steam:1100001151e5b4f', 'society', 'society_ambulance', 'Despesas Médicas', 150, 22, 7, 'Desconhecido'),
	(11661, 'steam:110000109cdc65a', 'steam:11000011c908b4f', 'society', 'society_police', 'Multa Policia de Los Santos', 2500, 22, 7, 'Desconhecido'),
	(11662, 'steam:11000010883e0cc', 'steam:11000010a632a0e', 'society', 'society_police', 'Multa Policia de Los Santos', 3000, 22, 7, 'Desconhecido'),
	(11675, 'Char2:11000010e2c850e', 'steam:11000010e2c850e', 'society', 'society_ambulance', 'Despesas Médicas', 150, 22, 7, 'Desconhecido'),
	(11687, 'Char1:1100001347f721a', 'steam:110000101bbf316', 'society', 'society_police', 'Multa Policia de Los Santos', 650, 22, 7, 'Desconhecido'),
	(11690, 'Char1:1100001347f721a', 'steam:11000013d72702b', 'society', 'society_police', 'Multa Policia de Los Santos', 750, 23, 7, 'Desconhecido'),
	(11697, 'steam:11000010c8fb3ed', 'steam:11000010c8fb3ed', 'society', 'society_ambulance', 'Despesas Médicas', 150, 23, 7, 'Desconhecido'),
	(11709, 'steam:110000109340e43', 'steam:110000109340e43', 'society', 'society_ambulance', 'Despesas Médicas', 150, 23, 7, 'Desconhecido'),
	(11723, 'steam:11000013663a9d1', 'steam:11000013663a9d1', 'society', 'society_police', 'Teste Teórico de Condução', 50, 23, 7, 'Desconhecido'),
	(11744, 'Char2:1100001099ac9ba', 'steam:1100001099ac9ba', 'society', 'society_ambulance', 'Despesas Médicas', 150, 23, 7, 'Desconhecido'),
	(11746, 'steam:11000010a8bbf0e', 'steam:11000010a8bbf0e', 'society', 'society_ambulance', 'Despesas Médicas', 150, 23, 7, 'Desconhecido'),
	(11747, 'steam:11000010a8bbf0e', 'steam:11000010a8bbf0e', 'society', 'society_ambulance', 'Despesas Médicas', 150, 23, 7, 'Desconhecido'),
	(11749, 'steam:110000110986baa', 'steam:110000104788c0a', 'society', 'society_police', 'Multa Policia de Los Santos', 1550, 23, 7, 'Desconhecido'),
	(11759, 'steam:11000011b24a949', 'steam:11000011b24a949', 'society', 'society_ambulance', 'Despesas Médicas', 150, 24, 7, 'Desconhecido'),
	(11760, 'steam:11000011975d836', 'steam:11000011975d836', 'society', 'society_police', 'Teste Teórico de Condução', 50, 24, 7, 'Desconhecido'),
	(11761, 'Char1:1100001335a225f', 'steam:1100001335a225f', 'society', 'society_ambulance', 'Despesas Médicas', 150, 24, 7, 'Desconhecido'),
	(11762, 'steam:11000013de3935b', 'steam:11000013de3935b', 'society', 'society_ambulance', 'Despesas Médicas', 150, 24, 7, 'Desconhecido'),
	(11775, 'steam:1100001335a225f', 'steam:1100001335a225f', 'society', 'society_ambulance', 'Despesas Médicas', 150, 24, 7, 'Desconhecido'),
	(11797, 'steam:1100001126888ce', 'steam:1100001137bbf85', 'society', 'society_mechanic', 'Mecânico', 250, 24, 7, 'Desconhecido'),
	(11802, 'steam:1100001137bbf85', 'steam:1100001137bbf85', 'society', 'society_ambulance', 'Despesas Médicas', 150, 24, 7, 'Desconhecido'),
	(11809, 'steam:11000011b24a949', 'steam:110000101bd8840', 'society', 'society_ambulance', 'Despesas Médicas', 150, 25, 7, 'Desconhecido'),
	(11822, 'steam:11000011071d1d0', 'steam:11000011071d1d0', 'society', 'society_ambulance', 'Despesas Médicas', 150, 25, 7, 'Desconhecido'),
	(11823, 'Char1:11000010def7fb5', 'steam:11000010def7fb5', 'society', 'society_ambulance', 'Despesas Médicas', 150, 25, 7, 'Desconhecido'),
	(11826, 'Char2:11000010c6e49d0', 'steam:11000010c6e49d0', 'society', 'society_ambulance', 'Despesas Médicas', 150, 25, 7, 'Desconhecido'),
	(11835, 'steam:110000105bd6f01', 'steam:110000105bd6f01', 'society', 'society_ambulance', 'Despesas Médicas', 150, 25, 7, 'Desconhecido'),
	(11858, 'steam:110000105524fb6', 'steam:110000105524fb6', 'society', 'society_police', 'Teste Teórico de Condução', 50, 25, 7, 'Desconhecido'),
	(11861, 'Char1:11000010c6e49d0', 'steam:11000010d690f82', 'society', 'society_police', 'Multa Policia de Los Santos', 50000, 25, 7, 'Desconhecido'),
	(11874, 'steam:11000010b29bca0', 'steam:11000010af65963', 'society', 'society_police', 'Multa Policia de Los Santos', 350, 25, 7, 'Desconhecido'),
	(11897, 'steam:11000010c8fb3ed', 'steam:11000011185023f', 'society', 'society_mechanic', 'Mecânico', 7000, 26, 7, 'Desconhecido'),
	(11904, 'steam:110000115ed59a6', 'steam:11000011185023f', 'society', 'society_mechanic', 'Mecânico', 1000, 26, 7, 'Desconhecido'),
	(11905, 'steam:1100001191858da', 'steam:1100001191858da', 'society', 'society_ambulance', 'Despesas Médicas', 150, 26, 7, 'Desconhecido'),
	(11912, 'steam:110000104c64c2f', 'steam:110000104c64c2f', 'society', 'society_ambulance', 'Despesas Médicas', 150, 26, 7, 'Desconhecido'),
	(11916, 'steam:1100001195d70bb', 'steam:110000112e7202e', 'society', 'society_police', 'Multa Policia de Los Santos', 2750, 26, 7, 'Desconhecido'),
	(11917, 'steam:11000013470bb30', 'steam:110000112e7202e', 'society', 'society_police', 'Multa Policia de Los Santos', 2750, 26, 7, 'Desconhecido'),
	(11935, 'steam:11000011071d1d0', 'steam:11000011071d1d0', 'society', 'society_ambulance', 'Despesas Médicas', 150, 26, 7, 'José Silva'),
	(11964, 'steam:11000013fd2f17f', 'steam:11000010d690f82', 'society', 'society_police', 'Valor: 1.1 - ULTRAPASSAR SINAL VERMELHO ', 75, 26, 7, 'Mário Pelão'),
	(11965, 'steam:11000013fd2f17f', 'steam:11000010d690f82', 'society', 'society_police', 'Valor: 1.1 - ULTRAPASSAR SINAL VERMELHO ', 75, 26, 7, 'Mário Pelão'),
	(11966, 'steam:11000013fd2f17f', 'steam:11000010d690f82', 'society', 'society_police', 'Valor: 1.1 - ULTRAPASSAR SINAL VERMELHO ', 75, 26, 7, 'Mário Pelão'),
	(11967, 'steam:11000013fd2f17f', 'steam:11000010d690f82', 'society', 'society_police', 'Valor: 1.1 - ULTRAPASSAR SINAL VERMELHO ', 75, 26, 7, 'Mário Pelão'),
	(11968, 'steam:11000013fd2f17f', 'steam:11000010d690f82', 'society', 'society_police', 'Valor: 1.1 - ULTRAPASSAR SINAL VERMELHO ', 75, 26, 7, 'Mário Pelão'),
	(11969, 'steam:11000013fd2f17f', 'steam:11000010d690f82', 'society', 'society_police', 'Valor: 1.1 - ULTRAPASSAR SINAL VERMELHO ', 75, 26, 7, 'Mário Pelão'),
	(11970, 'steam:11000013fd2f17f', 'steam:11000010d690f82', 'society', 'society_police', 'Valor: 1.1 - ULTRAPASSAR SINAL VERMELHO ', 75, 26, 7, 'Mário Pelão'),
	(11971, 'steam:11000013fd2f17f', 'steam:11000010c6e49d0', 'society', 'society_police', 'Multa Policia de Los Santos', 100000, 26, 7, 'José Jiboia'),
	(11972, 'steam:11000013fd2f17f', 'steam:11000010c6e49d0', 'society', 'society_police', 'Valor: 3.8 - ROUBO A CARRINHA FORTE', 3500, 26, 7, 'José Jiboia'),
	(11973, 'steam:11000013fd2f17f', 'steam:11000010c6e49d0', 'society', 'society_police', 'Valor: 3.7 - ROUBO A LOJA DE ARMAS', 3500, 26, 7, 'José Jiboia'),
	(11974, 'steam:11000013fd2f17f', 'steam:11000010c6e49d0', 'society', 'society_police', 'Valor: 3.6 - ROUBO  A JOELHARIA', 3000, 26, 7, 'José Jiboia'),
	(11975, 'steam:11000013fd2f17f', 'steam:11000010c6e49d0', 'society', 'society_police', 'Valor: 3.5 - ROUBO  A PROPIEDADE', 950, 26, 7, 'José Jiboia'),
	(11976, 'steam:11000013fd2f17f', 'steam:11000010c6e49d0', 'society', 'society_police', 'Valor: 3.8 - ROUBO A CARRINHA FORTE', 3500, 26, 7, 'José Jiboia'),
	(11979, 'steam:1100001137bbf85', 'steam:1100001137bbf85', 'society', 'society_ambulance', 'Despesas Médicas', 150, 26, 7, 'James Abreu'),
	(12008, 'steam:11000013d137131', 'steam:11000013d137131', 'society', 'society_ambulance', 'Despesas Médicas', 150, 27, 7, 'Desconhecido  '),
	(12023, 'steam:11000013fd2f17f', 'steam:11000013fd2f17f', 'society', 'society_ambulance', 'Despesas Médicas', 150, 27, 7, 'Edmundo Sequeira Ventura'),
	(12025, 'steam:110000104c64c2f', 'steam:110000104c64c2f', 'society', 'society_ambulance', 'Despesas Médicas', 150, 27, 7, 'Gianni Barone'),
	(12033, 'steam:1100001195d70bb', 'steam:1100001195d70bb', 'society', 'society_ambulance', 'Despesas Médicas', 150, 27, 7, 'Brigitte Gómez'),
	(12037, 'steam:11000013a1be4e8', 'steam:11000013a1be4e8', 'society', 'society_police', 'Teste Teórico de Condução', 50, 27, 7, 'Asdrobaldo Coubes'),
	(12038, 'steam:11000010c8fb3ed', 'steam:11000010c8fb3ed', 'society', 'society_ambulance', 'Despesas Médicas', 150, 27, 7, 'Marquinhos Santos'),
	(12039, 'Char3:1100001113f7c46', 'steam:1100001113f7c46', 'society', 'society_police', 'Teste Teórico de Condução', 50, 27, 7, 'Franklin Clinton'),
	(12047, 'steam:11000011a3ada15', 'steam:11000011a3ada15', 'society', 'society_ambulance', 'Despesas Médicas', 150, 27, 7, 'Joaquim Costa'),
	(12048, 'steam:11000010c8fb3ed', 'steam:1100001113f7c46', 'society', 'society_mechanic', 'Mecânico', 468, 27, 7, 'Franklin Clinton'),
	(12050, 'steam:110000105b21f5e', 'steam:1100001113f7c46', 'society', 'society_mechanic', 'Mecânico', 3542, 27, 7, 'Franklin Clinton'),
	(12054, 'steam:1100001121b084e', 'steam:1100001121b084e', 'society', 'society_ambulance', 'Despesas Médicas', 150, 27, 7, 'Eduardo Grunho'),
	(12064, 'steam:110000110986baa', 'steam:11000013d72702b', 'society', 'society_police', 'Multa Policia de Los Santos', 750, 27, 7, 'Nuno Cansado'),
	(12082, 'steam:110000103372115', 'steam:110000103372115', 'society', 'society_ambulance', 'Despesas Médicas', 150, 27, 7, 'Albino Malone'),
	(12085, 'steam:11000013bd41691', 'steam:11000013bd41691', 'society', 'society_police', 'Teste Teórico de Condução', 50, 27, 7, 'Elisiário Francisco'),
	(12089, 'steam:110000112a2a255', 'steam:1100001113f7c46', 'society', 'society_mechanic', 'Mecânico', 100, 27, 7, 'Franklin Clinton'),
	(12098, 'steam:1100001126888ce', 'steam:1100001124763f6', 'society', 'society_police', 'Multa Policia de Los Santos', 250, 27, 7, 'Manuel Araújo'),
	(12102, 'Char1:110000105524fb6', 'steam:11000010def7fb5', 'society', 'society_police', 'Multa Policia de Los Santos', 1150, 28, 7, 'Florberto Ansio'),
	(12103, 'Char1:110000105524fb6', 'steam:11000010def7fb5', 'society', 'society_police', 'Multa Policia de Los Santos', 69, 28, 7, 'Florberto Ansio'),
	(12106, 'steam:11000011af31a83', 'steam:11000010af65963', 'society', 'society_police', 'Multa Policia de Los Santos', 550, 28, 7, 'Duarte Grácio'),
	(12109, 'steam:11000011071d1d0', 'steam:11000011071d1d0', 'society', 'society_ambulance', 'Despesas Médicas', 150, 28, 7, 'Desconhecido  '),
	(12112, 'steam:110000103372115', 'steam:11000010725845e', 'society', 'society_police', 'Multa Policia de Los Santos', 420, 28, 7, 'Cesar Moreira'),
	(12114, 'steam:11000013d137131', 'steam:11000013d137131', 'society', 'society_ambulance', 'Despesas Médicas', 150, 28, 7, 'Benjamim Wilson Biaguê'),
	(12132, 'steam:11000013708da1a', 'steam:11000013708da1a', 'society', 'society_ambulance', 'Despesas Médicas', 150, 28, 7, 'Rocha Gouveia'),
	(12136, 'steam:11000010c8fb3ed', 'steam:11000011a3ada15', 'society', 'society_mechanic', 'Mecânico', 738, 28, 7, 'Joaquim Costa'),
	(12141, 'steam:110000112a2a255', 'steam:110000116683554', 'society', 'society_mechanic2', 'Mecânico', 750, 28, 7, 'Joao Gordo'),
	(12142, 'steam:11000011a3ada15', 'steam:1100001124763f6', 'society', 'society_police', 'Multa Policia de Los Santos', 400, 28, 7, 'Manuel Araújo'),
	(12145, 'steam:110000109cdc65a', 'steam:1100001137bbf85', 'society', 'society_mechanic', 'Mecânico', 1594, 28, 7, 'James Abreu'),
	(12167, 'steam:1100001121b084e', 'steam:1100001119cf118', 'society', 'society_police', 'Multa Policia de Los Santos', 3500, 28, 7, 'Tiago Pereira'),
	(12192, 'steam:110000109340e43', 'steam:11000010def7fb5', 'society', 'society_police', 'Multa Policia de Los Santos', 2500, 29, 7, 'Florberto Ansio'),
	(12193, 'steam:1100001026c78db', 'steam:11000010def7fb5', 'society', 'society_police', 'Multa Policia de Los Santos', 4000, 29, 7, 'Florberto Ansio'),
	(12194, 'steam:11000013470bb30', 'steam:11000010def7fb5', 'society', 'society_police', 'Multa Policia de Los Santos', 4000, 29, 7, 'Florberto Ansio'),
	(12196, 'Char1:11000010c6e49d0', 'steam:11000010c6e49d0', 'society', 'society_ambulance', 'Despesas Médicas', 150, 29, 7, 'José Jiboia'),
	(12197, 'steam:110000136b39fd9', 'steam:110000136b39fd9', 'society', 'society_ambulance', 'Despesas Médicas', 150, 29, 7, 'Robert Law'),
	(12199, 'steam:11000011a6e1b82', 'steam:11000011a6e1b82', 'society', 'society_ambulance', 'Despesas Médicas', 150, 29, 7, 'Abel  Armando'),
	(12200, 'steam:110000110986baa', 'steam:110000110986baa', 'society', 'society_ambulance', 'Despesas Médicas', 150, 29, 7, 'Yuri Makimba'),
	(12201, 'steam:110000136b39fd9', 'steam:110000136b39fd9', 'society', 'society_ambulance', 'Despesas Médicas', 150, 29, 7, 'Robert Law'),
	(12202, 'steam:11000011af31a83', 'steam:11000011af31a83', 'society', 'society_ambulance', 'Despesas Médicas', 150, 29, 7, 'Liliana Ansio'),
	(12204, 'steam:110000112a2a255', 'steam:110000112a2a255', 'society', 'society_ambulance', 'Despesas Médicas', 150, 29, 7, 'Ken Ribeiro'),
	(12206, 'steam:110000136b39fd9', 'steam:110000136b39fd9', 'society', 'society_ambulance', 'Despesas Médicas', 150, 29, 7, 'Robert Law'),
	(12210, 'steam:110000112a2a255', 'steam:1100001119cf118', 'society', 'society_police', 'Multa Policia de Los Santos', 6000, 29, 7, 'Tiago Pereira'),
	(12215, 'steam:11000011ae7fcf0', 'steam:11000011d3080fc', 'society', 'society_mechanic', 'Mecânico', 25, 29, 7, 'Guilherme Reis'),
	(12218, 'steam:110000112a2a255', 'steam:110000116683554', 'society', 'society_mechanic2', 'Mecânico', 3300, 29, 7, 'Joao Gordo'),
	(12223, 'steam:110000112a2a255', 'steam:11000010d41e14d', 'society', 'society_mechanic', 'Mecânico', 1062, 29, 7, 'Tchico Bala'),
	(12224, 'steam:1100001043f69ef', 'steam:11000011d3080fc', 'society', 'society_mechanic', 'Mecânico', 33, 29, 7, 'Guilherme Reis'),
	(12225, 'steam:1100001191858da', 'steam:110000109803f29', 'society', 'society_mechanic2', 'Mecânico', 50, 29, 7, 'Jason Morrison'),
	(12227, 'steam:11000010c8fb3ed', 'steam:11000010c8fb3ed', 'society', 'society_ambulance', 'Despesas Médicas', 150, 29, 7, 'Marquinhos Santos'),
	(12228, 'steam:11000013708da1a', 'steam:11000010d41e14d', 'society', 'society_mechanic', 'Mecânico', 100, 29, 7, 'Tchico Bala'),
	(12229, 'steam:110000110af8212', 'steam:110000116683554', 'society', 'society_mechanic2', 'Mecânico', 100, 29, 7, 'Joao Gordo'),
	(12230, 'steam:11000010a6ac124', 'steam:11000010a6ac124', 'society', 'society_police', 'Teste Teórico de Condução', 50, 29, 7, 'Serafim Saudade'),
	(12232, 'steam:110000110af8212', 'steam:1100001124763f6', 'society', 'society_police', 'Multa Policia de Los Santos', 85, 29, 7, 'Manuel Araújo'),
	(12238, 'steam:110000136dcd543', 'steam:11000010725845e', 'society', 'society_police', 'Multa Policia de Los Santos', 780, 29, 7, 'Cesar Moreira'),
	(12239, 'steam:11000011ae01514', 'steam:11000011d3080fc', 'society', 'society_mechanic', 'Mecânico', 24, 29, 7, 'Guilherme Reis'),
	(12241, 'steam:1100001365f3934', 'steam:1100001365f3934', 'society', 'society_ambulance', 'Despesas Médicas', 150, 29, 7, 'Desconhecido  '),
	(12242, 'steam:110000113d8decb', 'steam:11000011d3080fc', 'society', 'society_mechanic', 'Mecânico', 20, 29, 7, 'Guilherme Reis'),
	(12244, 'steam:1100001347f721a', 'steam:1100001347f721a', 'society', 'society_ambulance', 'Despesas Médicas', 150, 30, 7, 'Dan Ferreira'),
	(12248, 'steam:110000112a2a255', 'steam:11000010def7fb5', 'society', 'society_police', 'Multa Policia de Los Santos', 3000, 30, 7, 'Florberto Ansio'),
	(12249, 'steam:11000010b734efd', 'steam:11000010def7fb5', 'society', 'society_police', 'Multa Policia de Los Santos', 3000, 30, 7, 'Florberto Ansio'),
	(12250, 'steam:110000110986baa', 'steam:11000010def7fb5', 'society', 'society_police', 'Multa Policia de Los Santos', 3000, 30, 7, 'Florberto Ansio'),
	(12251, 'steam:110000102b7a044', 'steam:110000102b7a044', 'society', 'society_ambulance', 'Despesas Médicas', 150, 30, 7, 'Tio  Lindo'),
	(12252, 'steam:1100001180a3800', 'steam:1100001180a3800', 'society', 'society_ambulance', 'Despesas Médicas', 150, 30, 7, 'Mario Santos'),
	(12253, 'steam:11000011af31a83', 'steam:110000105524fb6', 'society', 'society_mechanic', 'Mecânico', 200, 30, 7, 'Bernardo Mafarrico'),
	(12254, 'Char2:11000010e2c850e', 'steam:110000104788c0a', 'society', 'society_police', 'Multa Policia de Los Santos', 335, 30, 7, 'Joel Sousa'),
	(12255, 'steam:11000010d41e14d', 'steam:11000010d41e14d', 'society', 'society_ambulance', 'Despesas Médicas', 150, 30, 7, 'Tchico Bala'),
	(12256, 'steam:1100001365f3934', 'steam:1100001365f3934', 'society', 'society_ambulance', 'Despesas Médicas', 150, 30, 7, 'Yasmin Winchester'),
	(12258, 'Char2:11000010e2c850e', 'steam:11000010d41e14d', 'society', 'society_mechanic', 'Mecânico', 4, 30, 7, 'Tchico Bala'),
	(12260, 'steam:110000109866d36', 'steam:110000109866d36', 'society', 'society_ambulance', 'Despesas Médicas', 150, 30, 7, 'Mauro Jeremias');
/*!40000 ALTER TABLE `billing` ENABLE KEYS */;

-- Dumping data for table expose.characters: ~0 rows (approximately)
/*!40000 ALTER TABLE `characters` DISABLE KEYS */;
/*!40000 ALTER TABLE `characters` ENABLE KEYS */;

-- Dumping data for table expose.companies: ~16 rows (approximately)
/*!40000 ALTER TABLE `companies` DISABLE KEYS */;
INSERT INTO `companies` (`name`, `label`, `investRate`, `rate`) VALUES
	('24/7', 'TNYFVN', -4.72, 'down'),
	('Ammu-Nation', 'AMNA', -0.9, 'down'),
	('Augury Insurance', 'AUGIN', -3.78, 'down'),
	('Downtown Cab Co.', 'DCC', -1.6, 'up'),
	('ECola', 'ECLA', -0.82, 'up'),
	('Fleeca', 'FLCA', 4.66, 'up'),
	('Globe Oil', 'GLBO', -0.2, 'up'),
	('GoPostal', 'GPSTL', -4.24, 'down'),
	('Lifeinvader', 'LIVDR', 0.22, 'up'),
	('Los Santos Air', 'LSA', -4.45, 'down'),
	('Los Santos Transit', 'LST', 2.93, 'up'),
	('Maze Bank', 'MBANK', -3.96, 'down'),
	('Post OP', 'PSTP', 2.95, 'up'),
	('RON', 'RON', -5, 'down'),
	('Up-n-Atom Burger', 'UNAB', 4.83, 'up'),
	('Weazel', 'NEWS', -0.61, 'up');
/*!40000 ALTER TABLE `companies` ENABLE KEYS */;

-- Dumping data for table expose.craftingtables: ~0 rows (approximately)
/*!40000 ALTER TABLE `craftingtables` DISABLE KEYS */;
/*!40000 ALTER TABLE `craftingtables` ENABLE KEYS */;

-- Dumping data for table expose.datastore: ~14 rows (approximately)
/*!40000 ALTER TABLE `datastore` DISABLE KEYS */;
INSERT INTO `datastore` (`name`, `label`, `shared`) VALUES
	('housing', 'Housing', 0),
	('motels', 'Motels Datastore', 0),
	('motels_bed', 'Motels Bed Datastore', 0),
	('property', 'Propiedade', 0),
	('society_ambulance', 'Ambulance', 1),
	('society_mechanic', 'Benny\'S', 1),
	('society_police', 'Police', 1),
	('society_taxi', 'Taxi', 1),
	('society_unicorn', 'Unicorn', 1),
	('user_ears', 'Ears', 0),
	('user_glasses', 'Glasses', 0),
	('user_helmet', 'Helmet', 0),
	('user_mask', 'Mask', 0),
	('vault', 'Vault', 0);
/*!40000 ALTER TABLE `datastore` ENABLE KEYS */;

-- Dumping data for table expose.datastore_data: ~0 rows (approximately)
/*!40000 ALTER TABLE `datastore_data` DISABLE KEYS */;
/*!40000 ALTER TABLE `datastore_data` ENABLE KEYS */;

-- Dumping data for table expose.disc_ammo: ~0 rows (approximately)
/*!40000 ALTER TABLE `disc_ammo` DISABLE KEYS */;
/*!40000 ALTER TABLE `disc_ammo` ENABLE KEYS */;

-- Dumping data for table expose.dopeplants: ~0 rows (approximately)
/*!40000 ALTER TABLE `dopeplants` DISABLE KEYS */;
/*!40000 ALTER TABLE `dopeplants` ENABLE KEYS */;

-- Dumping data for table expose.dpkeybinds: ~0 rows (approximately)
/*!40000 ALTER TABLE `dpkeybinds` DISABLE KEYS */;
/*!40000 ALTER TABLE `dpkeybinds` ENABLE KEYS */;

-- Dumping data for table expose.fine_types: ~0 rows (approximately)
/*!40000 ALTER TABLE `fine_types` DISABLE KEYS */;
/*!40000 ALTER TABLE `fine_types` ENABLE KEYS */;

-- Dumping data for table expose.glovebox_inventory: ~0 rows (approximately)
/*!40000 ALTER TABLE `glovebox_inventory` DISABLE KEYS */;
/*!40000 ALTER TABLE `glovebox_inventory` ENABLE KEYS */;

-- Dumping data for table expose.invest: ~432 rows (approximately)
/*!40000 ALTER TABLE `invest` DISABLE KEYS */;
INSERT INTO `invest` (`id`, `identifier`, `amount`, `rate`, `job`, `active`, `created`, `sold`, `soldAmount`) VALUES
	(7, 'steam:1100001151e5b4f', 5600, 2.3, 'FLCA', 0, '2020-06-29 18:09:27', '2020-06-29 19:01:28', 5728.8),
	(8, 'steam:1100001151e5b4f', 1620, 0.28, 'AMNA', 0, '2020-06-29 18:09:37', '2020-06-29 19:31:36', 1624.54),
	(9, 'steam:1100001151e5b4f', 1620, 0.16, 'UNAB', 0, '2020-06-29 18:09:45', '2020-06-29 20:31:37', 1622.59),
	(10, 'steam:1100001151e5b4f', 2800, 0.5, 'LIVDR', 0, '2020-06-29 18:09:55', '2020-06-29 19:32:18', 2814),
	(11, 'steam:1100001151e5b4f', 5000, 4.61, 'AUGIN', 0, '2020-06-29 18:19:51', '2020-06-29 18:51:13', 5230.5),
	(12, 'steam:1100001191858da', 513, 7.24, 'MBANK', 0, '2020-06-29 18:24:34', '2020-06-29 19:31:11', 550.141),
	(13, 'steam:1100001150f6ef3', 437.4, 1.89, 'MBANK', 0, '2020-06-29 18:50:45', '2020-06-29 21:05:48', 445.667),
	(14, 'steam:1100001191858da', 300, 4.94, 'FLCA', 0, '2020-06-29 18:51:03', '2020-06-29 19:31:20', 314.82),
	(15, 'steam:1100001150f6ef3', 540, 7.27, 'FLCA', 0, '2020-06-29 18:51:12', '2020-06-29 21:05:47', 579.258),
	(16, 'steam:1100001151e5b4f', 5000, 6.29, 'RON', 0, '2020-06-29 18:51:36', '2020-06-29 19:01:25', 5314.5),
	(17, 'steam:1100001150f6ef3', 414, 0.24, 'LIVDR', 0, '2020-06-29 18:51:58', '2020-06-29 21:05:44', 414.994),
	(18, 'steam:1100001347f721a', 500, 0, 'FLCA', 0, '2020-06-29 19:00:57', '2020-06-29 19:02:27', 500),
	(19, 'steam:11000010883e0cc', 54.7095, 0.92, 'FLCA', 0, '2020-06-29 19:01:24', '2020-06-30 20:04:05', 55.2128),
	(20, 'steam:110000105b21f5e', 2.71642e-28, 3.82, 'FLCA', 1, '2020-06-29 19:01:51', NULL, NULL),
	(21, 'steam:11000010883e0cc', 265.72, 0.96, 'GPSTL', 0, '2020-06-29 19:01:51', '2020-06-30 03:05:12', 268.271),
	(22, 'steam:110000105b21f5e', 1000, 1.11, 'LSA', 0, '2020-06-29 19:02:12', '2020-06-29 19:40:52', 1011.1),
	(23, 'steam:110000105b21f5e', 500, 5.03, 'MBANK', 0, '2020-06-29 19:02:21', '2020-06-29 19:41:42', 525.15),
	(24, 'steam:1100001151e5b4f', 1800, 3.81, 'LST', 0, '2020-06-29 19:02:21', '2020-06-29 19:30:49', 1868.58),
	(25, 'steam:1100001347f721a', 98.415, 3.04, 'MBANK', 0, '2020-06-29 19:02:55', '2020-06-29 23:29:32', 101.407),
	(26, 'steam:110000105b21f5e', 1000, 2.7, 'GLBO', 0, '2020-06-29 19:03:33', '2020-06-29 19:41:44', 1027),
	(27, 'steam:110000100e289dd', 1000, 1.11, 'LSA', 0, '2020-06-29 19:05:27', '2020-06-29 19:34:04', 1011.1),
	(28, 'steam:110000100e289dd', 1000, 5.03, 'MBANK', 0, '2020-06-29 19:05:41', '2020-06-29 19:34:09', 1050.3),
	(29, 'steam:110000100e289dd', 1000, 3.36, 'LIVDR', 0, '2020-06-29 19:06:11', '2020-06-29 19:34:11', 1033.6),
	(30, 'steam:110000100e289dd', 1000, 2.7, 'GLBO', 0, '2020-06-29 19:06:32', '2020-06-29 19:34:13', 1027),
	(31, 'steam:11000010def7fb5', 30.9032, 3, 'MBANK', 0, '2020-06-29 19:09:21', '2020-07-01 02:08:55', 31.8303),
	(32, 'steam:11000010def7fb5', 98.4771, 1.26, 'NEWS', 0, '2020-06-29 19:09:46', '2020-07-01 02:08:58', 99.7179),
	(33, 'steam:110000105b21f5e', 500, 3.9, 'NEWS', 0, '2020-06-29 19:10:07', '2020-06-29 19:41:46', 519.5),
	(34, 'steam:1100001151e5b4f', 8000, 2.33, 'FLCA', 0, '2020-06-29 19:33:02', '2020-06-29 20:31:51', 8186.4),
	(35, 'steam:1100001191858da', 300, 0, 'FLCA', 0, '2020-06-29 19:33:09', '2020-06-29 19:33:34', 300),
	(36, 'steam:1100001191858da', 648, 0.32, 'RON', 0, '2020-06-29 19:33:41', '2020-06-29 20:31:20', 650.074),
	(37, 'steam:110000100e289dd', 3645, 2.42, 'RON', 0, '2020-06-29 19:35:16', '2020-06-29 22:04:15', 3733.21),
	(38, 'steam:1100001151e5b4f', 5000, 3.5, 'LST', 0, '2020-06-29 19:35:39', '2020-06-29 20:01:25', 5175),
	(39, 'steam:110000100e289dd', 4050, 1.23, 'FLCA', 0, '2020-06-29 19:35:43', '2020-06-29 21:39:56', 4099.81),
	(40, 'steam:1100001191858da', 750, 2.33, 'FLCA', 0, '2020-06-29 19:35:49', '2020-06-29 20:31:03', 767.475),
	(41, 'steam:110000100e289dd', 8550, 2.08, 'PSTP', 0, '2020-06-29 19:36:06', '2020-06-29 21:39:49', 8727.84),
	(42, 'steam:110000100e289dd', 4500, 3.35, 'DCC', 0, '2020-06-29 19:37:06', '2020-06-29 21:32:48', 4650.75),
	(43, 'steam:110000116683554', 100, 0, 'MBANK', 0, '2020-06-29 19:40:19', '2020-06-29 19:40:47', 100),
	(44, 'steam:11000010d41e14d', 900, 2.33, 'FLCA', 0, '2020-06-29 19:40:56', '2020-06-29 20:30:59', 920.97),
	(45, 'steam:1100001066c9a6c', 121.577, 2.43, 'FLCA', 0, '2020-06-29 19:41:55', '2020-06-30 18:30:29', 124.531),
	(46, 'steam:110000116683554', 900, 2.3, 'FLCA', 0, '2020-06-29 19:41:56', '2020-06-29 20:14:03', 920.7),
	(47, 'steam:110000116683554', 1350, 2.09, 'RON', 0, '2020-06-29 19:42:02', '2020-06-29 20:13:59', 1378.21),
	(48, 'steam:110000116683554', 450, 1.36, 'DCC', 0, '2020-06-29 19:42:07', '2020-06-29 20:14:05', 456.12),
	(49, 'steam:11000010d41e14d', 3240, 0.32, 'RON', 0, '2020-06-29 19:42:13', '2020-06-29 20:31:04', 3250.37),
	(50, 'steam:1100001066c9a6c', 98.4771, 1.91, 'LST', 0, '2020-06-29 19:42:15', '2020-06-30 18:30:41', 100.358),
	(51, 'steam:110000116683554', 450, 4.13, 'PSTP', 0, '2020-06-29 19:42:26', '2020-06-29 20:14:07', 468.585),
	(52, 'steam:1100001066c9a6c', 58.1497, 1.25, 'PSTP', 0, '2020-06-29 19:42:42', '2020-06-30 18:30:39', 58.8766),
	(53, 'steam:110000105b21f5e', 1800, 1.51, 'LSA', 0, '2020-06-29 19:43:13', '2020-06-29 20:31:59', 1827.18),
	(54, 'steam:110000105b21f5e', 109.419, 1.01, 'TNYFVN', 0, '2020-06-29 19:44:04', '2020-06-30 20:03:01', 110.524),
	(55, 'steam:1100001066c9a6c', 79.7664, 0.79, 'RON', 0, '2020-06-29 19:44:29', '2020-06-30 18:29:54', 80.3966),
	(56, 'steam:1100001066c9a6c', 150.095, 3.73, 'DCC', 0, '2020-06-29 19:45:08', '2020-06-30 18:30:14', 155.694),
	(57, 'steam:1100001151e5b4f', 5000, 8.86, 'LSA', 0, '2020-06-29 20:02:26', '2020-06-29 20:31:05', 5443),
	(58, 'steam:110000116683554', 900, 2.41, 'RON', 0, '2020-06-29 20:14:26', '2020-06-29 20:36:29', 921.69),
	(59, 'steam:110000116683554', 900, 2.09, 'PSTP', 0, '2020-06-29 20:14:31', '2020-06-29 20:36:27', 918.81),
	(60, 'steam:110000116683554', 1000, 4.63, 'FLCA', 0, '2020-06-29 20:14:41', '2020-06-29 20:36:25', 1046.3),
	(61, 'steam:110000116683554', 1000, 6.64, 'UNAB', 0, '2020-06-29 20:16:06', '2020-06-29 20:36:10', 1066.4),
	(62, 'steam:110000116683554', 1000, 8.86, 'LSA', 0, '2020-06-29 20:16:10', '2020-06-29 20:36:23', 1088.6),
	(63, 'steam:110000100e289dd', 5000, 8.86, 'LSA', 0, '2020-06-29 20:16:42', '2020-06-29 20:32:04', 5443),
	(64, 'steam:110000105b21f5e', 14.7809, 1.12, 'LIVDR', 0, '2020-06-29 20:17:20', '2020-07-02 00:38:06', 14.9464),
	(65, 'steam:11000013e6ba043', 59.8248, 3.13, 'ECLA', 0, '2020-06-29 20:20:13', '2020-06-30 22:06:59', 61.6973),
	(66, 'steam:11000013e6ba043', 891, 5.74, 'FLCA', 0, '2020-06-29 20:21:00', '2020-06-30 02:06:41', 942.143),
	(67, 'steam:11000013e6ba043', 10.5978, 7.44, 'PSTP', 0, '2020-06-29 20:21:24', '2020-06-30 22:07:03', 11.3863),
	(68, 'steam:11000013e6ba043', 179.475, 3.39, 'RON', 0, '2020-06-29 20:23:01', '2020-06-30 22:07:06', 185.559),
	(69, 'steam:1100001064163c7', 4500, 2.09, 'PSTP', 0, '2020-06-29 20:23:22', '2020-06-29 20:32:53', 4594.05),
	(70, 'steam:110000100e289dd', 5000, 6.64, 'UNAB', 0, '2020-06-29 20:23:25', '2020-06-29 20:31:59', 5332),
	(71, 'steam:1100001064163c7', 5000, 8.86, 'LSA', 0, '2020-06-29 20:23:58', '2020-06-29 20:32:30', 5443),
	(72, 'steam:11000010d41e14d', 2900, 2.41, 'MBANK', 0, '2020-06-29 20:28:53', '2020-06-29 21:53:37', 2969.89),
	(73, 'steam:110000112a2a255', 500, 2.45, 'DCC', 0, '2020-06-29 20:29:11', '2020-06-29 20:31:24', 512.25),
	(74, 'steam:110000112a2a255', 250, 4.63, 'FLCA', 0, '2020-06-29 20:29:19', '2020-06-29 20:31:27', 261.575),
	(75, 'steam:110000102fba126', 900, 4.29, 'LST', 0, '2020-06-29 20:30:29', '2020-06-29 22:11:22', 938.61),
	(76, 'steam:110000115ed59a6', 900, 0, 'LIVDR', 0, '2020-06-29 20:31:16', '2020-06-29 21:16:08', 900),
	(77, 'steam:11000010d41e14d', 729, 6.06, 'AMNA', 0, '2020-06-29 20:31:25', '2020-06-29 22:36:19', 773.177),
	(78, 'steam:110000102fba126', 180, 0.73, 'ECLA', 0, '2020-06-29 20:31:44', '2020-06-29 22:11:17', 181.314),
	(79, 'steam:110000112a2a255', 500, 4.07, 'MBANK', 0, '2020-06-29 20:31:54', '2020-06-29 21:33:01', 520.35),
	(80, 'steam:1100001151e5b4f', 3150, 5.49, 'LIVDR', 0, '2020-06-29 20:32:24', '2020-06-29 22:30:58', 3322.94),
	(81, 'steam:1100001151e5b4f', 2551.5, 1.36, 'GLBO', 0, '2020-06-29 20:32:27', '2020-06-29 23:35:25', 2586.2),
	(82, 'steam:110000112a2a255', 225, 3.17, 'AMNA', 0, '2020-06-29 20:32:31', '2020-06-29 21:33:19', 232.133),
	(83, 'steam:110000112a2a255', 225, 2.88, 'LIVDR', 0, '2020-06-29 20:32:35', '2020-06-29 21:33:03', 231.48),
	(84, 'steam:110000105b21f5e', 109.419, 0.96, 'AMNA', 0, '2020-06-29 20:33:40', '2020-06-30 17:40:10', 110.469),
	(85, 'steam:11000010ae9f81b', 71.7898, 4.3, 'MBANK', 0, '2020-06-29 20:34:01', '2020-06-30 22:31:09', 74.8768),
	(86, 'steam:11000010ae9f81b', 177.259, 6.95, 'FLCA', 0, '2020-06-29 20:34:19', '2020-06-30 22:32:18', 189.579),
	(87, 'steam:11000010ae9f81b', 58.1497, 2.51, 'AUGIN', 0, '2020-06-29 20:35:08', '2020-06-30 22:31:28', 59.6093),
	(88, 'steam:11000010ae9f81b', 166.772, 2.21, 'LIVDR', 0, '2020-06-29 20:35:26', '2020-06-30 22:31:34', 170.458),
	(89, 'steam:110000116683554', 900, 2.88, 'LIVDR', 0, '2020-06-29 20:38:15', '2020-06-29 21:39:33', 925.92),
	(90, 'steam:110000116683554', 900, 0.02, 'AUGIN', 0, '2020-06-29 20:38:20', '2020-06-29 21:39:30', 900.18),
	(91, 'steam:1100001064163c7', 810, 6.31, 'AUGIN', 0, '2020-06-29 20:38:20', '2020-06-29 23:06:31', 861.111),
	(92, 'steam:110000116683554', 1000, 5.13, 'GLBO', 0, '2020-06-29 20:38:26', '2020-06-29 21:39:28', 1051.3),
	(93, 'steam:110000116683554', 900, 3.85, 'GPSTL', 0, '2020-06-29 20:38:37', '2020-06-29 21:39:27', 934.65),
	(94, 'steam:110000112e7202e', 590.49, 0.28, 'LSA', 0, '2020-06-29 20:38:40', '2020-06-30 03:05:18', 592.143),
	(95, 'steam:1100001064163c7', 810, 0.49, 'GPSTL', 0, '2020-06-29 20:38:46', '2020-06-29 23:06:34', 813.969),
	(96, 'steam:1100001064163c7', 900, 5.91, 'LIVDR', 0, '2020-06-29 20:38:56', '2020-06-29 23:06:36', 953.19),
	(97, 'steam:1100001150f6ef3', 148.594, 2.01, 'AMNA', 0, '2020-06-29 21:06:51', '2020-06-30 15:35:28', 151.581),
	(98, 'steam:11000013470bb30', 450, 3.56, 'FLCA', 0, '2020-06-29 21:12:55', '2020-06-29 21:37:27', 466.02),
	(99, 'steam:11000010027d192', 5.11141e-29, 3.68, 'ECLA', 1, '2020-06-29 21:14:07', NULL, NULL),
	(100, 'steam:11000013470bb30', 450, 2.88, 'LIVDR', 0, '2020-06-29 21:14:08', '2020-06-29 21:37:25', 462.96),
	(101, 'steam:110000136dcd543', 500, 0, 'FLCA', 0, '2020-06-29 21:21:00', '2020-06-29 21:23:35', 500),
	(102, 'steam:1100001347f721a', 61.5132, 0.17, 'LIVDR', 0, '2020-06-29 21:24:18', '2020-06-30 17:39:51', 61.6178),
	(103, 'steam:110000136dcd543', 100, 1.34, 'TNYFVN', 0, '2020-06-29 21:24:24', '2020-06-29 21:36:08', 101.34),
	(104, 'steam:110000100e289dd', 4500, 0.02, 'AUGIN', 0, '2020-06-29 21:28:03', '2020-06-29 21:32:51', 4500.9),
	(105, 'steam:1100001151e5b4f', 1215, 2.43, 'AUGIN', 0, '2020-06-29 21:28:05', '2020-06-29 22:31:00', 1244.52),
	(106, 'steam:110000112a2a255', 567.9, 5.79, 'LSA', 0, '2020-06-29 21:33:58', '2020-06-29 22:35:37', 600.781),
	(107, 'steam:11000013470bb30', 810, 3.73, 'GLBO', 0, '2020-06-29 21:37:39', '2020-06-29 22:05:38', 840.213),
	(108, 'steam:110000136dcd543', 200, 0, 'TNYFVN', 0, '2020-06-29 21:39:57', '2020-06-29 21:50:09', 200),
	(109, 'steam:11000010e5876db', 250, 0, 'DCC', 0, '2020-06-29 21:40:01', '2020-06-29 21:41:01', 250),
	(110, 'steam:11000010e5876db', 100, 0, 'GLBO', 0, '2020-06-29 21:40:37', '2020-06-29 21:41:04', 100),
	(111, 'steam:11000010e5876db', 100, 0.72, 'FLCA', 0, '2020-06-29 21:41:26', '2020-06-29 22:09:08', 100.72),
	(112, 'steam:11000010e5876db', 100, 2.61, 'LIVDR', 0, '2020-06-29 21:41:53', '2020-06-29 22:09:03', 102.61),
	(113, 'steam:110000136dcd543', 162, 0.46, 'RON', 0, '2020-06-29 21:42:05', '2020-06-29 23:02:31', 162.745),
	(114, 'steam:11000010e5876db', 100, 1.57, 'DCC', 0, '2020-06-29 21:42:23', '2020-06-29 22:09:10', 101.57),
	(115, 'steam:1100001121b084e', 500, 1.19, 'LIVDR', 0, '2020-06-29 21:49:33', '2020-06-29 22:37:03', 505.95),
	(116, 'steam:110000106dd1537', 100, 7.2, 'ECLA', 0, '2020-06-29 21:51:36', '2020-06-29 22:04:42', 107.2),
	(117, 'steam:110000136dcd543', 180, 2.5, 'TNYFVN', 0, '2020-06-29 21:51:47', '2020-06-29 22:03:59', 184.5),
	(118, 'steam:110000106dd1537', 90, 5.79, 'LSA', 0, '2020-06-29 21:52:02', '2020-06-29 22:36:56', 95.211),
	(119, 'steam:110000106dd1537', 100, 5.55, 'RON', 0, '2020-06-29 21:52:07', '2020-06-29 22:04:16', 105.55),
	(120, 'steam:11000010d41e14d', 1000, 4.5, 'FLCA', 0, '2020-06-29 21:54:03', '2020-06-29 22:36:17', 1045),
	(121, 'steam:110000103372115', 0.00000000506483, 7.98, 'ECLA', 0, '2020-06-29 21:54:07', '2020-07-10 06:29:13', 0.000000005469),
	(122, 'steam:110000103372115', 0.00000000953036, 2.57, 'UNAB', 0, '2020-06-29 21:54:15', '2020-07-10 06:29:41', 0.00000000977529),
	(123, 'steam:110000103372115', 0.00000000269166, 0.61, 'GLBO', 0, '2020-06-29 21:54:25', '2020-07-10 06:29:38', 0.00000000270808),
	(124, 'steam:1100001121b084e', 405, 2.89, 'AMNA', 0, '2020-06-29 21:54:34', '2020-06-29 22:37:05', 416.704),
	(125, 'steam:11000013470bb30', 57.4318, 3.83, 'FLCA', 0, '2020-06-29 22:05:46', '2020-07-01 01:58:52', 59.6314),
	(126, 'steam:110000136dcd543', 250, 3.78, 'FLCA', 0, '2020-06-29 22:06:14', '2020-06-29 23:02:05', 259.45),
	(127, 'steam:110000115ed59a6', 486, 7.01, 'PSTP', 0, '2020-06-29 22:06:15', '2020-06-29 23:34:28', 520.069),
	(128, 'steam:110000109340e43', 3.3536e-28, 0.04, 'FLCA', 1, '2020-06-29 22:06:21', NULL, NULL),
	(129, 'steam:11000010e5876db', 500, 1.42, 'LIVDR', 0, '2020-06-29 22:09:40', '2020-06-29 22:38:44', 507.1),
	(130, 'steam:11000010e5876db', 800, 0.74, 'GPSTL', 0, '2020-06-29 22:09:55', '2020-06-29 22:37:07', 805.92),
	(131, 'steam:11000010af35bb3', 295.431, 0.82, 'AMNA', 0, '2020-06-29 22:11:23', '2020-06-30 21:06:03', 297.854),
	(132, 'steam:110000102de6bce', 88.6294, 2.41, 'PSTP', 0, '2020-06-29 22:12:26', '2020-06-30 17:39:57', 90.7654),
	(133, 'steam:110000110af8212', 729, 4.33, 'RON', 0, '2020-06-29 22:13:38', '2020-06-29 23:57:38', 760.566),
	(134, 'steam:1100001137bbf85', 729, 4.33, 'RON', 0, '2020-06-29 22:14:30', '2020-06-29 23:57:36', 760.566),
	(135, 'steam:110000102b7a044', 1000, 0, 'LSA', 0, '2020-06-29 22:20:19', '2020-06-29 22:22:57', 1000),
	(136, 'steam:110000102b7a044', 700, 0, 'ECLA', 0, '2020-06-29 22:20:54', '2020-06-29 22:23:02', 700),
	(137, 'steam:110000102b7a044', 405, 4.12, 'UNAB', 0, '2020-06-29 22:23:38', '2020-06-29 23:02:21', 421.686),
	(138, 'steam:110000102b7a044', 2250, 0, 'GLBO', 0, '2020-06-29 22:24:09', '2020-06-29 22:24:59', 2250),
	(139, 'steam:110000102b7a044', 250, 4.08, 'GLBO', 0, '2020-06-29 22:27:10', '2020-06-29 22:35:15', 260.2),
	(140, 'steam:11000011476bcad', 1000, 1.42, 'LIVDR', 0, '2020-06-29 22:27:33', '2020-06-29 22:37:55', 1014.2),
	(141, 'steam:110000102b7a044', 810, 8.2, 'NEWS', 0, '2020-06-29 22:28:03', '2020-06-29 23:02:19', 876.42),
	(142, 'steam:110000110af8212', 3600, 5.22, 'LIVDR', 0, '2020-06-29 22:28:05', '2020-06-30 00:05:40', 3787.92),
	(143, 'steam:11000011476bcad', 900, 2.84, 'RON', 0, '2020-06-29 22:28:10', '2020-06-29 22:55:12', 925.56),
	(144, 'steam:11000011476bcad', 1000, 3.78, 'FLCA', 0, '2020-06-29 22:28:22', '2020-06-29 22:55:29', 1037.8),
	(145, 'steam:110000110af8212', 1800, 0.07, 'FLCA', 0, '2020-06-29 22:29:22', '2020-06-30 00:06:35', 1801.26),
	(146, 'steam:110000111fbeb1b', 100, 0.08, 'ECLA', 0, '2020-06-29 22:30:31', '2020-06-29 22:45:34', 100.08),
	(147, 'steam:1100001151e5b4f', 90, 1.07, 'ECLA', 0, '2020-06-29 22:31:59', '2020-06-29 23:40:07', 90.963),
	(148, 'steam:110000102b7a044', 1800, 0.32, 'LST', 0, '2020-06-29 22:36:04', '2020-06-29 23:02:13', 1805.76),
	(149, 'steam:110000102b7a044', 2000, 5.13, 'AMNA', 0, '2020-06-29 22:36:28', '2020-06-29 23:02:17', 2102.6),
	(150, 'steam:110000135929145', 500, 1.18, 'AUGIN', 0, '2020-06-29 22:36:36', '2020-06-29 23:06:26', 505.9),
	(151, 'steam:110000111fbeb1b', 100, 0, 'DCC', 0, '2020-06-29 22:37:21', '2020-06-29 22:45:52', 100),
	(152, 'steam:110000136dcd543', 350, 3.04, 'MBANK', 0, '2020-06-29 22:37:53', '2020-06-29 23:02:58', 360.64),
	(153, 'steam:11000010e5876db', 450, 1.18, 'AUGIN', 0, '2020-06-29 22:38:39', '2020-06-29 23:02:36', 455.31),
	(154, 'steam:110000106dd1537', 100, 1.18, 'AUGIN', 0, '2020-06-29 22:39:04', '2020-06-29 23:19:29', 101.18),
	(155, 'steam:110000111fbeb1b', 200, 3.04, 'MBANK', 0, '2020-06-29 22:40:04', '2020-06-29 23:03:05', 206.08),
	(156, 'steam:110000111fbeb1b', 90, 0.47, 'PSTP', 0, '2020-06-29 22:40:16', '2020-06-29 23:03:07', 90.423),
	(157, 'steam:110000136dcd543', 180, 0.47, 'PSTP', 0, '2020-06-29 22:41:03', '2020-06-29 23:03:11', 180.846),
	(158, 'steam:110000106dd1537', 180, 0.47, 'PSTP', 0, '2020-06-29 22:41:48', '2020-06-29 23:18:36', 180.846),
	(159, 'steam:110000106dd1537', 100, 3.04, 'MBANK', 0, '2020-06-29 22:43:35', '2020-06-29 23:19:14', 103.04),
	(160, 'steam:11000010e5876db', 45, 6.66, 'GLBO', 0, '2020-06-29 22:52:40', '2020-06-29 23:02:33', 47.997),
	(161, 'steam:1100001151e5b4f', 900, 4.21, 'PSTP', 0, '2020-06-29 22:53:24', '2020-06-29 23:40:10', 937.89),
	(162, 'steam:11000011476bcad', 1000, 2.94, 'AUGIN', 0, '2020-06-29 22:57:28', '2020-06-29 23:33:03', 1029.4),
	(163, 'steam:11000011476bcad', 900, 3.58, 'MBANK', 0, '2020-06-29 22:58:06', '2020-06-29 23:33:01', 932.22),
	(164, 'steam:110000112a2a255', 135.27, 2.08, 'PSTP', 0, '2020-06-29 22:59:13', '2020-06-30 00:04:21', 138.084),
	(165, 'steam:110000111fbeb1b', 200, 1.18, 'AUGIN', 0, '2020-06-29 22:59:41', '2020-06-29 23:03:02', 202.36),
	(166, 'steam:110000111fbeb1b', 90, 5.39, 'LSA', 0, '2020-06-29 23:00:30', '2020-06-29 23:03:12', 94.851),
	(167, 'steam:110000111fbeb1b', 400, 0.41, 'AUGIN', 0, '2020-06-29 23:03:16', '2020-06-30 00:27:34', 401.64),
	(168, 'steam:110000111fbeb1b', 270, 5.64, 'LIVDR', 0, '2020-06-29 23:03:34', '2020-06-30 00:27:31', 285.228),
	(169, 'steam:110000100e289dd', 4500, 4.47, 'AMNA', 0, '2020-06-29 23:04:02', '2020-06-29 23:41:42', 4701.15),
	(170, 'steam:1100001151e5b4f', 900, 4.47, 'AMNA', 0, '2020-06-29 23:04:09', '2020-06-29 23:48:18', 940.23),
	(171, 'steam:1100001151e5b4f', 1000, 1.76, 'AUGIN', 0, '2020-06-29 23:04:19', '2020-06-29 23:47:43', 1017.6),
	(172, 'steam:110000102fba126', 295.245, 2.19, 'AMNA', 0, '2020-06-29 23:04:28', '2020-06-30 02:59:01', 301.711),
	(173, 'steam:110000136dcd543', 300, 4.29, 'LST', 0, '2020-06-29 23:04:36', '2020-06-29 23:34:06', 312.87),
	(174, 'steam:110000111fbeb1b', 720, 4.47, 'AMNA', 0, '2020-06-29 23:06:23', '2020-06-29 23:33:35', 752.184),
	(175, 'steam:1100001064163c7', 4500, 4.47, 'AMNA', 0, '2020-06-29 23:07:17', '2020-06-29 23:33:02', 4701.15),
	(176, 'steam:110000135929145', 1000, 0, 'AMNA', 0, '2020-06-29 23:07:45', '2020-06-29 23:08:28', 1000),
	(177, 'steam:110000135929145', 1000, 4.68, 'PSTP', 0, '2020-06-29 23:09:13', '2020-06-29 23:33:45', 1046.8),
	(178, 'steam:11000010e5876db', 135, 4.47, 'AMNA', 0, '2020-06-29 23:14:19', '2020-06-29 23:34:03', 141.035),
	(179, 'steam:11000010e5876db', 250, 1.76, 'AUGIN', 0, '2020-06-29 23:14:25', '2020-06-29 23:34:05', 254.4),
	(180, 'steam:110000136dcd543', 300, 0, 'AMNA', 0, '2020-06-29 23:14:35', '2020-06-29 23:23:03', 300),
	(181, 'steam:110000106dd1537', 200, 0, 'AMNA', 0, '2020-06-29 23:20:42', '2020-06-29 23:23:31', 200),
	(182, 'steam:110000106dd1537', 200, 0, 'AUGIN', 0, '2020-06-29 23:20:49', '2020-06-29 23:23:29', 200),
	(183, 'steam:110000106dd1537', 200, 0, 'LIVDR', 0, '2020-06-29 23:20:53', '2020-06-29 23:23:27', 200),
	(184, 'steam:110000110af8212', 2700, 4.47, 'AMNA', 0, '2020-06-29 23:22:12', '2020-06-29 23:57:26', 2820.69),
	(185, 'steam:110000111fbeb1b', 180, 7.67, 'TNYFVN', 0, '2020-06-29 23:23:04', '2020-06-29 23:33:33', 193.806),
	(186, 'steam:110000106dd1537', 100, 1.76, 'AUGIN', 0, '2020-06-29 23:23:40', '2020-06-29 23:47:54', 101.76),
	(187, 'steam:110000106dd1537', 100, 1.81, 'LIVDR', 0, '2020-06-29 23:23:43', '2020-06-29 23:47:56', 101.81),
	(188, 'steam:110000106dd1537', 90, 4.47, 'AMNA', 0, '2020-06-29 23:23:47', '2020-06-29 23:33:37', 94.023),
	(189, 'steam:110000136dcd543', 180, 6.62, 'MBANK', 0, '2020-06-29 23:24:28', '2020-06-29 23:47:40', 191.916),
	(190, 'steam:110000136dcd543', 180, 2.84, 'RON', 0, '2020-06-29 23:33:36', '2020-06-30 00:30:16', 185.112),
	(191, 'steam:110000111fbeb1b', 200, 0, 'LSA', 0, '2020-06-29 23:33:55', '2020-06-29 23:37:27', 200),
	(192, 'steam:110000111fbeb1b', 200, 0, 'UNAB', 0, '2020-06-29 23:33:58', '2020-06-29 23:37:30', 200),
	(193, 'steam:110000111fbeb1b', 200, 0, 'LST', 0, '2020-06-29 23:34:03', '2020-06-29 23:37:33', 200),
	(194, 'steam:110000111fbeb1b', 200, 0, 'DCC', 0, '2020-06-29 23:34:06', '2020-06-29 23:37:35', 200),
	(195, 'steam:110000110af8212', 2700, 4.81, 'LST', 0, '2020-06-29 23:34:08', '2020-06-30 00:05:56', 2829.87),
	(196, 'steam:110000111fbeb1b', 200, 0, 'ECLA', 0, '2020-06-29 23:34:14', '2020-06-29 23:37:38', 200),
	(197, 'steam:110000111fbeb1b', 180, 6.29, 'PSTP', 0, '2020-06-29 23:34:41', '2020-06-30 00:27:36', 191.322),
	(198, 'steam:110000116683554', 900, 0.08, 'DCC', 0, '2020-06-29 23:34:47', '2020-06-30 00:03:05', 900.72),
	(199, 'steam:110000116683554', 900, 2.84, 'RON', 0, '2020-06-29 23:34:55', '2020-06-30 00:03:03', 925.56),
	(200, 'steam:110000136dcd543', 180, 0.08, 'DCC', 0, '2020-06-29 23:35:19', '2020-06-30 00:30:13', 180.144),
	(201, 'steam:1100001151e5b4f', 635.467, 0.26, 'DCC', 0, '2020-06-29 23:35:37', '2020-06-30 16:27:38', 637.119),
	(202, 'steam:1100001151e5b4f', 1000, 9.46, 'GLBO', 0, '2020-06-29 23:35:42', '2020-06-30 00:04:15', 1094.6),
	(203, 'steam:110000106dd1537', 100, 3.03, 'LSA', 0, '2020-06-29 23:36:08', '2020-06-30 00:30:40', 103.03),
	(204, 'steam:110000111fbeb1b', 200, 6.35, 'AMNA', 0, '2020-06-29 23:36:08', '2020-06-30 00:31:04', 212.7),
	(205, 'steam:110000136dcd543', 200, 8.44, 'TNYFVN', 0, '2020-06-29 23:36:22', '2020-06-30 00:30:10', 216.88),
	(206, 'steam:1100001151e5b4f', 926.51, 2.28, 'RON', 0, '2020-06-29 23:37:39', '2020-06-30 16:27:36', 947.634),
	(207, 'steam:110000111fbeb1b', 200, 8.44, 'TNYFVN', 0, '2020-06-29 23:37:55', '2020-06-30 00:31:07', 216.88),
	(208, 'steam:110000111fbeb1b', 180, 2.72, 'MBANK', 0, '2020-06-29 23:38:08', '2020-06-30 00:27:38', 184.896),
	(209, 'steam:1100001151e5b4f', 900, 2.72, 'MBANK', 0, '2020-06-29 23:49:46', '2020-06-30 00:03:50', 924.48),
	(210, 'steam:110000116683554', 900, 4.81, 'LST', 0, '2020-06-29 23:57:11', '2020-06-30 00:03:01', 943.29),
	(211, 'steam:1100001066c9a6c', 75.0473, 1.75, 'MBANK', 0, '2020-06-29 23:57:36', '2020-06-30 18:30:07', 76.3606),
	(212, 'steam:1100001137bbf85', 1.61731, 3.28, 'FLCA', 0, '2020-06-29 23:57:58', '2020-07-02 23:38:41', 1.67036),
	(213, 'steam:110000110af8212', 3000, 3.03, 'LSA', 0, '2020-06-30 00:00:58', '2020-06-30 00:24:47', 3090.9),
	(214, 'steam:1100001151e5b4f', 205.891, 3.54, 'FLCA', 0, '2020-06-30 00:04:57', '2020-06-30 16:27:41', 213.18),
	(215, 'steam:1100001151e5b4f', 282.43, 5.8, 'ECLA', 0, '2020-06-30 00:05:02', '2020-06-30 13:35:39', 298.811),
	(216, 'steam:1100001151e5b4f', 228.768, 0.52, 'MBANK', 0, '2020-06-30 00:05:08', '2020-06-30 16:27:40', 229.958),
	(217, 'steam:110000135929145', 500, 5.78, 'PSTP', 0, '2020-06-30 00:25:23', '2020-06-30 00:35:20', 528.9),
	(218, 'steam:110000110af8212', 2430, 1.45, 'MBANK', 0, '2020-06-30 00:25:35', '2020-06-30 02:59:56', 2465.24),
	(219, 'steam:110000111fbeb1b', 100, 0, 'AUGIN', 0, '2020-06-30 00:28:15', '2020-06-30 00:31:10', 100),
	(220, 'steam:110000111fbeb1b', 27.3547, 4.04, 'FLCA', 0, '2020-06-30 00:28:26', '2020-06-30 22:05:19', 28.4598),
	(221, 'steam:110000111fbeb1b', 45, 6.28, 'UNAB', 0, '2020-06-30 00:28:30', '2020-06-30 00:38:55', 47.826),
	(222, 'steam:110000111fbeb1b', 27.3547, 3.89, 'MBANK', 0, '2020-06-30 00:28:32', '2020-06-30 22:05:22', 28.4188),
	(223, 'steam:110000111fbeb1b', 45, 1.05, 'DCC', 0, '2020-06-30 00:28:36', '2020-06-30 00:38:59', 45.4725),
	(224, 'steam:110000111fbeb1b', 46.3255, 8.6, 'NEWS', 0, '2020-06-30 00:28:41', '2020-06-30 22:05:17', 50.3095),
	(225, 'steam:110000136dcd543', 62.7621, 0.15, 'RON', 0, '2020-06-30 00:30:44', '2020-06-30 13:56:38', 62.8562),
	(226, 'steam:11000010c6e49d0', 0.872796, 2.47, 'ECLA', 0, '2020-06-30 00:32:31', '2020-07-02 01:23:13', 0.894354),
	(227, 'steam:110000135929145', 500, 0, 'GPSTL', 0, '2020-06-30 00:38:12', '2020-06-30 01:34:42', 500),
	(228, 'steam:110000110af8212', 405, 4.75, 'ECLA', 0, '2020-06-30 00:38:30', '2020-06-30 03:00:02', 424.237),
	(229, 'steam:110000111fbeb1b', 50, 0, 'LIVDR', 0, '2020-06-30 00:39:08', '2020-06-30 00:43:03', 50),
	(230, 'steam:110000111fbeb1b', 50, 0, 'PSTP', 0, '2020-06-30 00:39:12', '2020-06-30 00:43:06', 50),
	(231, 'steam:110000111fbeb1b', 50, 0, 'AMNA', 0, '2020-06-30 00:39:16', '2020-06-30 00:43:01', 50),
	(232, 'steam:11000011c4100cb', 185.302, 4.49, 'FLCA', 0, '2020-06-30 01:18:17', '2020-06-30 16:33:56', 193.622),
	(233, 'steam:110000135929145', 450, 3.96, 'TNYFVN', 0, '2020-06-30 01:35:02', '2020-06-30 02:03:20', 467.82),
	(234, 'steam:1100001121b084e', 90.0568, 2, 'GPSTL', 0, '2020-06-30 01:35:07', '2020-06-30 19:20:40', 91.8579),
	(235, 'steam:110000135929145', 14.8242, 6.53, 'GLBO', 0, '2020-06-30 02:11:38', '2020-06-30 19:31:24', 15.7922),
	(236, 'steam:1100001154a9877', 1.44362e-28, 1.23, 'LSA', 1, '2020-06-30 02:20:52', NULL, NULL),
	(237, 'steam:11000013d72702b', 250, 0, 'LSA', 0, '2020-06-30 02:21:14', '2020-06-30 02:21:26', 250),
	(238, 'steam:11000013d72702b', 17.9475, 5.18, 'LSA', 0, '2020-06-30 02:21:36', '2020-07-01 16:05:13', 18.8772),
	(239, 'steam:11000010883e0cc', 46.3255, 0.5, 'GLBO', 0, '2020-06-30 03:05:31', '2020-06-30 20:04:07', 46.5571),
	(240, 'steam:110000112e7202e', 0.795838, 4.03, 'GLBO', 0, '2020-06-30 03:05:44', '2020-07-03 02:19:24', 0.82791),
	(241, 'steam:110000136dcd543', 145.8, 1.13, 'GPSTL', 0, '2020-06-30 13:56:57', '2020-06-30 15:25:32', 147.448),
	(242, 'steam:11000010d41e14d', 478.297, 1.34, 'MBANK', 0, '2020-06-30 15:10:12', '2020-06-30 19:31:28', 484.706),
	(243, 'steam:1100001150f6ef3', 1.57959e-29, -2.85, 'MBANK', 1, '2020-06-30 15:35:48', NULL, NULL),
	(244, 'steam:11000011c4100cb', 63.5466, 1.11, 'PSTP', 0, '2020-06-30 16:34:52', '2020-07-01 04:55:35', 64.252),
	(245, 'steam:1100001347f721a', 104.604, 0.39, 'AUGIN', 0, '2020-06-30 17:40:32', '2020-07-01 00:03:34', 105.012),
	(246, 'steam:110000105b21f5e', 2.16648e-28, 2.36, 'AMNA', 1, '2020-06-30 17:41:00', NULL, NULL),
	(247, 'steam:1100001066c9a6c', 0.000000000795199, 7.32, 'LSA', 0, '2020-06-30 18:31:11', '2020-07-13 02:39:24', 0.000000000853408),
	(248, 'steam:11000010883e0cc', 7.01486, 2.78, 'RON', 0, '2020-06-30 18:46:04', '2020-07-03 16:26:58', 7.20987),
	(249, 'steam:1100001347f721a', 135, 5.06, 'LIVDR', 0, '2020-06-30 18:47:11', '2020-06-30 20:03:00', 141.831),
	(250, 'steam:1100001347f721a', 295.245, 1.43, 'AMNA', 0, '2020-06-30 20:02:22', '2020-07-01 00:03:32', 299.467),
	(251, 'steam:110000105b21f5e', 0.00492188, 0.52, 'RON', 0, '2020-06-30 20:03:57', '2020-07-06 20:50:56', 0.00494747),
	(252, 'steam:1100001347f721a', 180, 0.88, 'RON', 0, '2020-06-30 20:04:00', '2020-07-01 00:03:29', 181.584),
	(253, 'steam:110000109cdc65a', 13.5085, 6.63, 'GLBO', 0, '2020-06-30 20:43:39', '2020-07-01 17:58:18', 14.4041),
	(254, 'steam:110000104f70ea4', 8.33859, 7.67, 'RON', 0, '2020-06-30 21:28:33', '2020-07-01 21:46:53', 8.97816),
	(255, 'steam:110000104f70ea4', 0.0260044, 8.08, 'LIVDR', 0, '2020-06-30 21:28:50', '2020-07-04 22:04:01', 0.0281056),
	(256, 'steam:110000104f70ea4', 0.000000000715228, 4.49, 'AUGIN', 0, '2020-06-30 21:29:31', '2020-07-11 21:40:42', 0.000000000747342),
	(257, 'steam:110000111fbeb1b', 22.8768, 1.71, 'DCC', 0, '2020-06-30 22:05:45', '2020-07-01 17:38:33', 23.268),
	(258, 'steam:110000111fbeb1b', 100, 0, 'GPSTL', 0, '2020-06-30 22:05:52', '2020-06-30 22:23:47', 100),
	(259, 'steam:110000111fbeb1b', 100, 0, 'RON', 0, '2020-06-30 22:05:58', '2020-06-30 22:23:45', 100),
	(260, 'steam:11000013e6ba043', 900, 0.64, 'LST', 0, '2020-06-30 22:08:15', '2020-06-30 22:45:18', 905.76),
	(261, 'steam:11000013e6ba043', 121.577, 0.63, 'AMNA', 0, '2020-06-30 22:45:25', '2020-07-01 20:35:13', 122.343),
	(262, 'steam:11000013e6ba043', 83.3859, 5.82, 'GPSTL', 0, '2020-07-01 02:09:29', '2020-07-01 20:35:16', 88.239),
	(263, 'steam:11000010def7fb5', 0.00000000897786, 2.48, 'NEWS', 0, '2020-07-01 02:09:44', '2020-07-12 02:31:58', 0.00000000920051),
	(264, 'steam:110000106bfb849', 90, 7.94, 'AUGIN', 0, '2020-07-01 02:24:23', '2020-07-01 02:50:14', 97.146),
	(265, 'steam:110000104f70ea4', 3.45813e-28, 2.8, 'NEWS', 0, '2020-07-01 02:47:08', '2020-07-27 02:05:37', 3.55496e-28),
	(266, 'steam:110000104f70ea4', 0.0000000152679, 4.07, 'TNYFVN', 0, '2020-07-01 02:47:43', '2020-07-11 21:40:51', 0.0000000158893),
	(267, 'steam:11000011c4100cb', 1.64232, 4.07, 'PSTP', 0, '2020-07-01 04:56:50', '2020-07-02 18:37:48', 1.70916),
	(268, 'steam:110000106dd1537', 38.742, 2.39, 'NEWS', 0, '2020-07-01 11:10:48', '2020-07-01 18:12:17', 39.6679),
	(269, 'steam:1100001180a3800', 18, 7.76, 'AMNA', 0, '2020-07-01 11:56:06', '2020-07-01 13:38:54', 19.3968),
	(270, 'steam:1100001353b5db5', 500, 0, 'ECLA', 0, '2020-07-01 13:39:57', '2020-07-01 13:40:29', 500),
	(271, 'steam:11000011c4100cb', 14.1304, 3.97, 'AMNA', 0, '2020-07-01 14:16:36', '2020-07-02 18:37:46', 14.6914),
	(272, 'steam:11000010725845e', 36.45, 1.61, 'MBANK', 0, '2020-07-01 14:18:17', '2020-07-01 17:41:52', 37.0368),
	(273, 'steam:1100001180a3800', 36.45, 1.61, 'MBANK', 0, '2020-07-01 14:19:08', '2020-07-01 17:41:31', 37.0368),
	(274, 'steam:1100001347f721a', 11.6299, 6.38, 'MBANK', 0, '2020-07-01 14:31:24', '2020-07-03 02:08:13', 12.3719),
	(275, 'steam:11000011af31a83', 1.1596, 7.31, 'MBANK', 0, '2020-07-01 14:31:32', '2020-07-04 03:52:39', 1.24437),
	(276, 'steam:11000011af31a83', 0.449253, 5.19, 'AMNA', 0, '2020-07-01 14:31:52', '2020-07-04 03:52:43', 0.472569),
	(277, 'steam:11000011af31a83', 0.760813, 1.57, 'AUGIN', 0, '2020-07-01 14:32:23', '2020-07-04 03:52:47', 0.772758),
	(278, 'steam:11000011af31a83', 0.616259, 0.84, 'PSTP', 0, '2020-07-01 14:32:29', '2020-07-04 03:52:51', 0.621436),
	(279, 'steam:11000011af31a83', 0.112784, 3.72, 'UNAB', 0, '2020-07-01 14:32:49', '2020-07-05 01:54:07', 0.11698),
	(280, 'steam:11000011af31a83', 1.41393, 8.84, 'RON', 0, '2020-07-01 14:32:57', '2020-07-04 03:52:54', 1.53892),
	(281, 'steam:11000013d72702b', 180, 1.68, 'DCC', 0, '2020-07-01 16:04:57', '2020-07-01 19:00:45', 183.024),
	(282, 'steam:1100001347f721a', 4.23912, 0.68, 'DCC', 0, '2020-07-01 16:05:04', '2020-07-03 02:08:18', 4.26795),
	(283, 'steam:110000111fbeb1b', 45, 2.65, 'AMNA', 0, '2020-07-01 17:38:45', '2020-07-01 19:29:00', 46.1925),
	(284, 'steam:110000111fbeb1b', 45, 1.29, 'GPSTL', 0, '2020-07-01 17:38:48', '2020-07-01 19:28:58', 45.5805),
	(285, 'steam:110000111fbeb1b', 45, 1.26, 'NEWS', 0, '2020-07-01 17:38:53', '2020-07-01 19:28:56', 45.567),
	(286, 'steam:1100001180a3800', 3.28464, 8.8, 'FLCA', 0, '2020-07-01 17:42:26', '2020-07-03 19:05:23', 3.57369),
	(287, 'steam:11000010a29d1a5', 1.74559, 4.16, 'LSA', 0, '2020-07-01 19:00:44', '2020-07-03 21:08:43', 1.81821),
	(288, 'steam:110000115ed59a6', 450, 4.9, 'NEWS', 0, '2020-07-01 19:15:21', '2020-07-01 19:55:20', 472.05),
	(289, 'steam:11000011d3080fc', 450, 4.9, 'NEWS', 0, '2020-07-01 19:15:43', '2020-07-01 19:48:59', 472.05),
	(290, 'steam:11000010af35bb3', 810, 0.87, 'FLCA', 0, '2020-07-01 19:16:09', '2020-07-01 23:27:23', 817.047),
	(291, 'steam:11000011d3080fc', 500, 3.59, 'LST', 0, '2020-07-01 19:16:42', '2020-07-01 19:48:55', 517.95),
	(292, 'steam:110000111fbeb1b', 43.0467, 0.57, 'NEWS', 0, '2020-07-01 19:29:08', '2020-07-02 00:54:59', 43.2921),
	(293, 'steam:110000111fbeb1b', 59.049, 0.82, 'GPSTL', 0, '2020-07-01 19:29:11', '2020-07-02 00:55:05', 59.5332),
	(294, 'steam:110000111fbeb1b', 53.1441, 4.07, 'LST', 0, '2020-07-01 19:29:25', '2020-07-02 00:55:07', 55.3071),
	(295, 'steam:11000011d3080fc', 450, 1.39, 'LSA', 0, '2020-07-01 19:49:40', '2020-07-01 21:32:32', 456.255),
	(296, 'steam:1100001180a3800', 26.1674, 3.21, 'TNYFVN', 0, '2020-07-01 20:41:18', '2020-07-03 11:49:23', 27.0074),
	(297, 'steam:110000104f70ea4', 4.40236e-26, 1.56, 'DCC', 0, '2020-07-01 21:48:17', '2020-07-27 02:05:26', 4.47104e-26),
	(298, 'steam:110000104f70ea4', 1.1539e-24, 4.51, 'UNAB', 0, '2020-07-01 21:48:40', '2020-07-27 02:05:30', 1.20594e-24),
	(299, 'steam:110000104f70ea4', 2.3078e-24, 4.19, 'GLBO', 0, '2020-07-01 21:49:00', '2020-07-27 02:05:35', 2.4045e-24),
	(300, 'steam:110000104f70ea4', 8.69202e-16, 4.09, 'MBANK', 0, '2020-07-01 21:49:09', '2020-07-18 00:16:06', 9.04752e-16),
	(301, 'steam:11000010af35bb3', 79.7664, 5.25, 'FLCA', 0, '2020-07-01 23:27:51', '2020-07-03 03:02:32', 83.9541),
	(302, 'steam:11000011c4100cb', 20.5891, 4.4, 'FLCA', 0, '2020-07-02 00:39:47', '2020-07-02 18:37:42', 21.495),
	(303, 'steam:110000111fbeb1b', 72.9, 4.29, 'AUGIN', 0, '2020-07-02 00:55:16', '2020-07-02 03:40:02', 76.0274),
	(304, 'steam:110000111fbeb1b', 81, 3.78, 'GPSTL', 0, '2020-07-02 00:55:29', '2020-07-02 03:40:07', 84.0618),
	(305, 'steam:110000111fbeb1b', 81, 1.64, 'MBANK', 0, '2020-07-02 00:55:37', '2020-07-02 03:40:04', 82.3284),
	(306, 'steam:11000010c6e49d0', 0.92768, 8.61, 'TNYFVN', 0, '2020-07-02 01:23:33', '2020-07-04 15:48:22', 1.00755),
	(307, 'steam:110000104788c0a', 2.02756, 3.33, 'TNYFVN', 0, '2020-07-02 01:24:22', '2020-07-04 03:22:41', 2.09508),
	(308, 'steam:1100001347f721a', 9.95713, 3.73, 'AMNA', 0, '2020-07-02 03:36:53', '2020-07-03 02:08:16', 10.3285),
	(309, 'steam:110000136dcd543', 50, 6.88, 'ECLA', 0, '2020-07-02 15:10:48', '2020-07-02 16:17:49', 53.44),
	(310, 'steam:1100001151e5b4f', 2700, 2.79, 'PSTP', 0, '2020-07-02 17:13:41', '2020-07-02 18:21:33', 2775.33),
	(311, 'steam:1100001151e5b4f', 2700, 1.09, 'LST', 0, '2020-07-02 17:13:46', '2020-07-02 18:21:35', 2729.43),
	(312, 'steam:1100001353b5db5', 405, 2.44, 'AMNA', 0, '2020-07-02 17:54:32', '2020-07-02 22:05:12', 414.882),
	(313, 'steam:11000011c4100cb', 147.622, 8.68, 'MBANK', 0, '2020-07-02 18:38:01', '2020-07-02 21:56:39', 160.436),
	(314, 'steam:11000013fd2f17f', 47.8297, 1.5, 'LIVDR', 0, '2020-07-02 18:39:09', '2020-07-03 01:59:59', 48.5471),
	(315, 'steam:11000011c4100cb', 117.183, 1.5, 'LIVDR', 0, '2020-07-02 18:39:16', '2020-07-03 01:49:10', 118.941),
	(316, 'steam:11000013fd2f17f', 47.8297, 5.67, 'GPSTL', 0, '2020-07-02 18:39:30', '2020-07-03 02:00:06', 50.5416),
	(317, 'steam:1100001180a3800', 90, 3.46, 'AMNA', 0, '2020-07-02 18:43:01', '2020-07-02 21:56:40', 93.114),
	(318, 'steam:110000109a50bf2', 0.0228532, 6.48, 'AMNA', 0, '2020-07-02 18:43:03', '2020-07-06 15:26:12', 0.0243341),
	(319, 'steam:110000109a50bf2', 0.0393254, 2.67, 'LIVDR', 0, '2020-07-02 18:44:16', '2020-07-06 15:26:30', 0.0403754),
	(320, 'steam:11000011c4100cb', 56.4859, 2.7, 'AMNA', 0, '2020-07-03 01:49:55', '2020-07-03 14:01:35', 58.011),
	(321, 'steam:11000013d72702b', 87.1696, 2.37, 'ECLA', 0, '2020-07-03 02:08:22', '2020-07-03 15:25:34', 89.2355),
	(322, 'steam:1100001180a3800', 43.0467, 4.33, 'GLBO', 0, '2020-07-03 12:39:36', '2020-07-03 19:05:20', 44.9106),
	(323, 'steam:11000011c4100cb', 162, 2.03, 'PSTP', 0, '2020-07-03 14:01:55', '2020-07-03 16:28:08', 165.289),
	(324, 'steam:11000010883e0cc', 0.0202419, 1.43, 'AUGIN', 0, '2020-07-03 16:27:11', '2020-07-07 20:18:54', 0.0205314),
	(325, 'steam:11000010883e0cc', 0.0522479, 2.08, 'NEWS', 0, '2020-07-03 16:27:21', '2020-07-07 20:18:51', 0.0533347),
	(326, 'steam:11000011c4100cb', 53.1441, 0.44, 'AUGIN', 0, '2020-07-03 16:28:39', '2020-07-03 21:19:29', 53.3779),
	(327, 'steam:11000011c4100cb', 72.9, 0.66, 'NEWS', 0, '2020-07-03 16:28:44', '2020-07-03 22:15:51', 73.3811),
	(328, 'steam:11000013fd2f17f', 43.0467, 7.47, 'AMNA', 0, '2020-07-03 16:28:59', '2020-07-03 23:15:04', 46.2623),
	(329, 'steam:1100001180a3800', 295.245, 0.79, 'AMNA', 0, '2020-07-03 19:05:44', '2020-07-03 23:14:33', 297.577),
	(330, 'steam:1100001151e5b4f', 3600, 7.91, 'RON', 0, '2020-07-03 19:31:33', '2020-07-03 21:09:46', 3884.76),
	(331, 'steam:11000010a29d1a5', 1.07223e-22, 1.86, 'LST', 0, '2020-07-03 21:09:23', '2020-07-27 00:20:20', 1.09217e-22),
	(332, 'steam:11000011c4100cb', 15.0095, 3.47, 'MBANK', 0, '2020-07-03 21:19:22', '2020-07-04 16:34:50', 15.5303),
	(333, 'steam:1100001124763f6', 0.066598, 4.08, 'MBANK', 0, '2020-07-03 22:16:52', '2020-07-07 17:25:10', 0.0693152),
	(334, 'steam:1100001180a3800', 0.0318536, 1.11, 'ECLA', 0, '2020-07-04 02:22:14', '2020-07-07 19:35:48', 0.0322072),
	(335, 'steam:1100001180a3800', 45.7536, 1.64, 'RON', 0, '2020-07-04 02:22:25', '2020-07-04 20:56:59', 46.504),
	(336, 'steam:110000136dcd543', 65.61, 1.62, 'LST', 0, '2020-07-04 14:40:31', '2020-07-04 18:11:24', 66.6729),
	(337, 'steam:11000011c4100cb', 18.5302, 1.59, 'AUGIN', 0, '2020-07-04 20:41:49', '2020-07-05 16:10:01', 18.8248),
	(338, 'steam:110000112e7202e', 0.299691, 6.82, 'TNYFVN', 0, '2020-07-05 01:25:42', '2020-07-08 21:09:13', 0.32013),
	(339, 'steam:110000103d2eddc', 67.5426, 4.18, 'TNYFVN', 0, '2020-07-05 01:57:05', '2020-07-05 23:10:47', 70.3659),
	(340, 'steam:110000103d2eddc', 55.5906, 4.51, 'FLCA', 0, '2020-07-05 01:57:39', '2020-07-05 23:10:45', 58.0977),
	(341, 'steam:1100001180a3800', 0.9124, 4.25, 'RON', 0, '2020-07-05 01:57:49', '2020-07-06 20:42:34', 0.951177),
	(342, 'steam:110000103d2eddc', 4.92385, 0.19, 'ECLA', 0, '2020-07-05 01:58:11', '2020-07-05 20:16:44', 4.93321),
	(343, 'steam:110000103d2eddc', 13.5085, 2.32, 'LSA', 0, '2020-07-05 01:58:20', '2020-07-05 23:10:04', 13.8219),
	(344, 'steam:11000011c4100cb', 4.23912, 5.41, 'PSTP', 0, '2020-07-05 16:10:24', '2020-07-06 20:03:44', 4.46846),
	(345, 'steam:110000103d2eddc', 49.2385, 6.79, 'AMNA', 0, '2020-07-05 20:17:23', '2020-07-06 17:03:06', 52.5818),
	(346, 'steam:110000115aa5baa', 5.2795e-25, 3.91, 'LSA', 1, '2020-07-05 21:06:56', NULL, NULL),
	(347, 'steam:11000011c4100cb', 9.84771, 0.34, 'PSTP', 0, '2020-07-06 20:03:53', '2020-07-07 17:03:04', 9.88119),
	(348, 'steam:110000102fba126', 500, 0, 'PSTP', 0, '2020-07-06 20:08:18', '2020-07-06 20:08:38', 500),
	(349, 'steam:110000111fbeb1b', 40.5, 2, 'MBANK', 0, '2020-07-06 20:10:12', '2020-07-06 22:52:16', 41.31),
	(350, 'steam:110000111fbeb1b', 32.805, 3.22, 'TNYFVN', 0, '2020-07-06 20:10:18', '2020-07-06 22:52:20', 33.8613),
	(351, 'steam:110000111fbeb1b', 40.5, 2.74, 'AMNA', 0, '2020-07-06 20:10:21', '2020-07-06 22:52:18', 41.6097),
	(352, 'steam:110000113f4d562', 6.72105e-22, 2.35, 'RON', 1, '2020-07-07 02:21:10', NULL, NULL),
	(353, 'steam:110000105524fb6', 0.00000000253241, 2.04, 'NEWS', 0, '2020-07-07 15:37:45', '2020-07-17 20:12:47', 0.00000000258407),
	(354, 'steam:11000011c4100cb', 81, 5.51, 'GPSTL', 0, '2020-07-07 17:03:16', '2020-07-07 19:19:03', 85.4631),
	(355, 'steam:110000103d2eddc', 98.415, 2.59, 'AMNA', 0, '2020-07-07 17:25:02', '2020-07-07 20:49:48', 100.964),
	(356, 'steam:110000103d2eddc', 121.5, 2.06, 'TNYFVN', 0, '2020-07-07 17:25:13', '2020-07-07 20:49:47', 124.003),
	(357, 'steam:1100001124763f6', 90, 4.66, 'DCC', 0, '2020-07-07 17:25:29', '2020-07-07 19:18:48', 94.194),
	(358, 'steam:110000103d2eddc', 109.35, 1.53, 'LST', 0, '2020-07-07 17:25:30', '2020-07-07 20:49:45', 111.023),
	(359, 'steam:110000103d2eddc', 135, 2.92, 'DCC', 0, '2020-07-07 17:25:36', '2020-07-07 20:49:43', 138.942),
	(360, 'steam:1100001124763f6', 90, 5.03, 'TNYFVN', 0, '2020-07-07 17:25:46', '2020-07-07 19:18:51', 94.527),
	(361, 'steam:110000103d2eddc', 10.9419, 2.37, 'LIVDR', 0, '2020-07-07 20:50:53', '2020-07-08 20:21:50', 11.2012),
	(362, 'steam:110000103d2eddc', 26.1674, 2.97, 'AMNA', 0, '2020-07-07 20:50:59', '2020-07-08 20:21:47', 26.9446),
	(363, 'steam:110000103d2eddc', 3.98832, 2.67, 'LST', 0, '2020-07-07 20:51:07', '2020-07-08 20:22:00', 4.09481),
	(364, 'steam:110000103d2eddc', 14.358, 3.23, 'FLCA', 0, '2020-07-07 20:51:15', '2020-07-08 20:21:56', 14.8218),
	(365, 'steam:110000103d2eddc', 7.97664, 3.88, 'GPSTL', 0, '2020-07-08 20:22:46', '2020-07-09 20:37:55', 8.28613),
	(366, 'steam:110000103d2eddc', 49.2385, 2.19, 'AMNA', 0, '2020-07-08 20:22:58', '2020-07-09 20:38:19', 50.3168),
	(367, 'steam:110000103d2eddc', 49.2385, 2.27, 'MBANK', 0, '2020-07-08 20:23:01', '2020-07-09 20:38:01', 50.3562),
	(368, 'steam:110000103d2eddc', 40.5256, 0.91, 'UNAB', 0, '2020-07-08 21:39:28', '2020-07-09 20:38:17', 40.8944),
	(369, 'steam:110000103d2eddc', 45.0284, 0.52, 'TNYFVN', 0, '2020-07-08 21:39:39', '2020-07-09 20:38:15', 45.2625),
	(370, 'steam:11000011c4100cb', 4.71013, 0.32, 'LSA', 0, '2020-07-09 16:31:01', '2020-07-10 20:30:46', 4.7252),
	(371, 'steam:1100001137bbf85', 1.40432e-20, -1.52, 'AUGIN', 1, '2020-07-09 19:26:25', NULL, NULL),
	(372, 'steam:110000103d2eddc', 228.768, 2.55, 'AMNA', 0, '2020-07-09 20:38:46', '2020-07-10 18:50:34', 234.602),
	(373, 'steam:110000103d2eddc', 17.7259, 3.46, 'LIVDR', 0, '2020-07-09 20:38:58', '2020-07-10 18:50:32', 18.3392),
	(374, 'steam:110000103d2eddc', 66.7087, 5.54, 'DCC', 0, '2020-07-09 20:39:09', '2020-07-10 18:50:30', 70.4044),
	(375, 'steam:110000103d2eddc', 24.3153, 6.02, 'LSA', 0, '2020-07-09 20:39:16', '2020-07-10 18:50:29', 25.7791),
	(376, 'steam:11000013d72702b', 0.13924, 4.59, 'TNYFVN', 0, '2020-07-10 02:55:56', '2020-07-13 17:00:30', 0.145631),
	(377, 'steam:11000013d72702b', 0.0393254, 4.71, 'FLCA', 0, '2020-07-10 02:56:04', '2020-07-13 17:00:27', 0.0411776),
	(378, 'steam:110000103d2eddc', 2.25284, 1.09, 'LST', 0, '2020-07-10 20:30:58', '2020-07-12 16:18:32', 2.2774),
	(379, 'steam:110000103d2eddc', 2.25284, 1.51, 'TNYFVN', 0, '2020-07-10 20:31:12', '2020-07-12 16:18:30', 2.28686),
	(380, 'steam:110000103d2eddc', 20.6021, 5.4, 'AMNA', 0, '2020-07-10 20:31:20', '2020-07-12 16:18:28', 21.7146),
	(381, 'steam:110000103d2eddc', 0.969774, 0.54, 'DCC', 0, '2020-07-10 20:31:24', '2020-07-12 16:18:26', 0.975011),
	(382, 'steam:11000011c4100cb', 0.0116106, 1.11, 'TNYFVN', 0, '2020-07-10 20:31:35', '2020-07-14 22:35:24', 0.0117395),
	(383, 'steam:1100001180a3800', 1215, 5.6, 'GLBO', 0, '2020-07-10 22:29:14', '2020-07-10 23:48:20', 1283.04),
	(384, 'steam:11000010602b2e5', 6.31546e-20, 0.31, 'MBANK', 1, '2020-07-10 23:38:08', NULL, NULL),
	(385, 'steam:11000010602b2e5', 1.60797e-17, 2.42, 'GPSTL', 1, '2020-07-10 23:41:25', NULL, NULL),
	(386, 'steam:11000010602b2e5', 6.5123e-18, 1.65, 'UNAB', 1, '2020-07-10 23:41:32', NULL, NULL),
	(387, 'steam:1100001116dbda8', 0.0000912034, 0.76, 'FLCA', 0, '2020-07-12 12:08:22', '2020-07-18 14:19:55', 0.0000918965),
	(388, 'steam:1100001066c9a6c', 1.02378e-17, -2.11, 'DCC', 1, '2020-07-13 02:39:55', NULL, NULL),
	(389, 'steam:11000011c7adf8d', 0.00215147, 1.71, 'GLBO', 0, '2020-07-13 15:17:00', '2020-07-19 00:01:18', 0.00218826),
	(390, 'steam:11000013d72702b', 7.63041, 0.51, 'AMNA', 0, '2020-07-13 17:01:10', '2020-07-15 15:27:41', 7.66932),
	(391, 'steam:110000113a59019', 200, 0, 'AMNA', 0, '2020-07-13 18:36:05', '2020-07-13 18:36:11', 200),
	(392, 'steam:110000113a59019', 4.28523e-17, 1.63, 'MBANK', 1, '2020-07-13 18:36:26', NULL, NULL),
	(393, 'steam:1100001180a3800', 656.1, 2.09, 'AMNA', 0, '2020-07-14 12:49:11', '2020-07-14 19:00:10', 669.812),
	(394, 'steam:1100001180a3800', 500, 3.93, 'RON', 0, '2020-07-14 19:00:37', '2020-07-14 19:14:56', 519.65),
	(395, 'steam:11000011c4100cb', 6.46108, 1.91, 'MBANK', 0, '2020-07-14 22:35:34', '2020-07-16 02:50:18', 6.58449),
	(396, 'steam:11000011c4100cb', 0.246504, 4.43, 'GLBO', 0, '2020-07-14 22:35:40', '2020-07-17 21:05:23', 0.257424),
	(397, 'steam:110000103d2eddc', 0.000196301, 7.32, 'AMNA', 0, '2020-07-15 21:56:47', '2020-07-22 22:58:43', 0.00021067),
	(398, 'steam:110000103d2eddc', 0.00000924601, 1.28, 'LIVDR', 0, '2020-07-15 21:56:51', '2020-07-22 22:58:39', 0.00000936436),
	(399, 'steam:110000103d2eddc', 0.0000845009, 5.13, 'FLCA', 0, '2020-07-15 21:56:56', '2020-07-22 22:58:37', 0.0000888358),
	(400, 'steam:110000103d2eddc', 0.0000238656, 0.37, 'MBANK', 0, '2020-07-15 21:57:02', '2020-07-22 22:58:41', 0.0000239539),
	(401, 'steam:11000013716c979', 900, 9.16, 'UNAB', 0, '2020-07-17 05:34:41', '2020-07-17 06:10:19', 982.44),
	(402, 'steam:11000013716c979', 900, 4.59, 'LSA', 0, '2020-07-17 05:35:09', '2020-07-17 06:10:24', 941.31),
	(403, 'steam:11000013716c979', 1000, 0.95, 'NEWS', 0, '2020-07-17 05:35:20', '2020-07-17 06:10:22', 1009.5),
	(404, 'steam:110000105864bcd', 0.00000000000245897, -3.09, 'LST', 1, '2020-07-18 14:36:30', NULL, NULL),
	(405, 'steam:110000111fbeb1b', 0.00000808331, 3.06, 'PSTP', 0, '2020-07-18 21:39:54', '2020-07-25 17:56:41', 0.00000833066),
	(406, 'steam:110000111fbeb1b', 0.000318007, 0.87, 'AMNA', 0, '2020-07-18 21:39:57', '2020-07-25 17:56:38', 0.000320774),
	(407, 'steam:110000105524fb6', 0.0119526, 7.34, 'FLCA', 0, '2020-07-19 23:36:59', '2020-07-24 20:29:01', 0.0128299),
	(408, 'steam:1100001180a3800', 0.000000000166361, 1.54, 'LSA', 1, '2020-07-20 00:40:39', NULL, NULL),
	(409, 'steam:1100001132fda1e', 1.61731, 0.71, 'LSA', 0, '2020-07-20 16:08:52', '2020-07-23 23:04:41', 1.62879),
	(410, 'steam:11000013d72702b', 180, 1.37, 'LSA', 0, '2020-07-20 16:39:27', '2020-07-20 18:42:49', 182.466),
	(411, 'steam:1100001099ac9ba', 0.110997, 8.05, 'ECLA', 0, '2020-07-20 17:27:28', '2020-07-24 10:50:27', 0.119932),
	(412, 'steam:11000013e8dc18e', 65.61, 7.77, 'RON', 0, '2020-07-21 14:59:27', '2020-07-21 18:20:42', 70.7079),
	(413, 'steam:11000013e8dc18e', 8.019, 9.72, 'GPSTL', 0, '2020-07-21 18:21:06', '2020-07-21 21:55:56', 8.79845),
	(414, 'steam:11000013e8dc18e', 37.8, 7.8, 'LST', 0, '2020-07-21 21:56:36', '2020-07-21 22:06:21', 40.7484),
	(415, 'steam:11000013e8dc18e', 45, 9.49, 'TNYFVN', 0, '2020-07-21 23:12:48', '2020-07-21 23:34:40', 49.2705),
	(416, 'steam:11000013e8dc18e', 25, 8.07, 'TNYFVN', 0, '2020-07-21 23:35:18', '2020-07-21 23:47:12', 27.0175),
	(417, 'steam:11000013e8dc18e', 10.9419, 0.62, 'RON', 0, '2020-07-21 23:47:45', '2020-07-23 02:35:22', 11.0097),
	(418, 'steam:11000011779a4dd', 0.00000000245996, -1.81, 'DCC', 1, '2020-07-22 02:42:39', NULL, NULL),
	(419, 'steam:1100001099ac9ba', 0.00645035, 2.15, 'LSA', 0, '2020-07-24 10:50:49', '2020-07-26 21:43:37', 0.00658903),
	(420, 'steam:110000109af2712', 192.019, 0.19, 'GLBO', 0, '2020-07-24 14:30:00', '2020-07-25 14:27:51', 192.384),
	(421, 'steam:11000010e2c850e', 0.00000176782, -0.32, 'NEWS', 1, '2020-07-24 20:29:37', NULL, NULL),
	(422, 'steam:110000109af2712', 16.6772, 8.83, 'PSTP', 0, '2020-07-24 21:20:38', '2020-07-25 14:27:49', 18.1498),
	(423, 'steam:110000109af2712', 31.3811, 2.94, 'DCC', 0, '2020-07-24 21:20:43', '2020-07-25 14:27:37', 32.3037),
	(424, 'steam:110000135929145', 572.4, 4.14, 'GLBO', 0, '2020-07-24 21:39:23', '2020-07-24 22:14:20', 596.097),
	(425, 'steam:110000135929145', 377.914, 4.65, 'LSA', 0, '2020-07-24 22:14:37', '2020-07-25 02:14:02', 395.487),
	(426, 'steam:110000109af2712', 65.61, 3.28, 'RON', 0, '2020-07-25 10:49:31', '2020-07-25 14:27:28', 67.762),
	(427, 'steam:110000109af2712', 90, 2.91, 'MBANK', 0, '2020-07-25 10:50:10', '2020-07-25 14:27:34', 92.619),
	(428, 'steam:11000011185023f', 0.00337578, 4.33, 'MBANK', 0, '2020-07-26 05:10:10', '2020-07-29 15:48:03', 0.00352195),
	(429, 'steam:1100001099ac9ba', 0.0242507, -0.17, 'RON', 1, '2020-07-26 21:44:07', NULL, NULL),
	(430, 'steam:110000116da1f7a', 0.118687, 3.29, 'AMNA', 1, '2020-07-27 21:31:17', NULL, NULL),
	(431, 'steam:110000111fbeb1b', 450, 8.39, 'GPSTL', 0, '2020-07-28 14:43:13', '2020-07-28 15:00:54', 487.755),
	(432, 'steam:110000111fbeb1b', 450, 6.56, 'TNYFVN', 0, '2020-07-28 14:43:22', '2020-07-28 15:00:50', 479.52),
	(433, 'steam:1100001129595e6', 500, 5.35, 'GLBO', 0, '2020-07-28 22:16:51', '2020-07-28 23:20:37', 526.75),
	(434, 'steam:1100001129595e6', 121.577, 3.95, 'UNAB', 1, '2020-07-28 23:21:29', NULL, NULL),
	(435, 'steam:11000011185023f', 531.441, 4.57, 'FLCA', 1, '2020-07-29 15:48:47', NULL, NULL),
	(436, 'steam:11000011185023f', 193.71, 0.96, 'MBANK', 1, '2020-07-29 16:42:27', NULL, NULL),
	(437, 'steam:11000011185023f', 193.71, 3.25, 'NEWS', 1, '2020-07-29 16:42:55', NULL, NULL),
	(438, 'steam:1100001186f6cd9', 14.3489, 0.46, 'MBANK', 1, '2020-07-29 19:20:57', NULL, NULL);
/*!40000 ALTER TABLE `invest` ENABLE KEYS */;

-- Dumping data for table expose.items: ~0 rows (approximately)
/*!40000 ALTER TABLE `items` DISABLE KEYS */;
/*!40000 ALTER TABLE `items` ENABLE KEYS */;

-- Dumping data for table expose.jobs: ~17 rows (approximately)
/*!40000 ALTER TABLE `jobs` DISABLE KEYS */;
INSERT INTO `jobs` (`name`, `label`, `whitelisted`) VALUES
	('ambulance', 'SEM', 0),
	('ballas', 'Ballas', 0),
	('banker', 'Banquier', 0),
	('cardealer', 'Concessionnaire', 0),
	('juiz', 'Juiz', 1),
	('lost', 'The Lost', 1),
	('mechanic', 'Benny\'S', 0),
	('mechanic2', 'LS Custom\'S', 0),
	('millers', 'Millers', 1),
	('offambulance', 'Off-Duty', 0),
	('offpolice', 'Off-Duty', 0),
	('police', 'LSPD', 0),
	('realestateagent', 'PB', 0),
	('state', 'Estado', 0),
	('taxi', 'O Matos', 0),
	('unemployed', 'Desempregado', 0),
	('unicorn', 'Vanilla', 1);
/*!40000 ALTER TABLE `jobs` ENABLE KEYS */;

-- Dumping data for table expose.job_grades: ~67 rows (approximately)
/*!40000 ALTER TABLE `job_grades` DISABLE KEYS */;
INSERT INTO `job_grades` (`id`, `job_name`, `grade`, `name`, `label`, `salary`, `skin_male`, `skin_female`) VALUES
	(1, 'unemployed', 0, 'unemployed', 'Desempregado', 30, '{}', '{}'),
	(2, 'ambulance', 0, 'ambulance', 'Paramedicos', 1500, '{"tshirt_2":0,"hair_color_1":5,"glasses_2":3,"shoes":3,"torso_2":3,"hair_color_2":0,"pants_1":39,"glasses_1":4,"hair_1":2,"sex":0,"decals_2":0,"tshirt_1":15,"helmet_1":-1,"helmet_2":0,"arms":117,"face":19,"decals_1":60,"torso_1":66,"hair_2":0,"skin":34,"pants_2":1}', '{"tshirt_2":1,"hair_color_1":-1,"glasses_2":-1,"shoes":2,"torso_2":0,"hair_color_2":0,"pants_1":36,"glasses_1":-1,"hair_1":-1,"sex":1,"decals_2":0,"tshirt_1":44,"helmet_1":-1,"helmet_2":0,"arms":3,"face":-1,"decals_1":-1,"torso_1":147,"hair_2":0,"skin":-1,"pants_2":-1}'),
	(3, 'ambulance', 1, 'doctor', 'Estagiário', 1750, '{"tshirt_2":0,"hair_color_1":5,"glasses_2":3,"shoes":3,"torso_2":3,"hair_color_2":0,"pants_1":39,"glasses_1":4,"hair_1":2,"sex":0,"decals_2":0,"tshirt_1":15,"helmet_1":-1,"helmet_2":0,"arms":117,"face":19,"decals_1":60,"torso_1":66,"hair_2":0,"skin":34,"pants_2":1}', '{"tshirt_2":1,"hair_color_1":-1,"glasses_2":-1,"shoes":2,"torso_2":0,"hair_color_2":0,"pants_1":36,"glasses_1":-1,"hair_1":-1,"sex":1,"decals_2":0,"tshirt_1":44,"helmet_1":-1,"helmet_2":0,"arms":3,"face":-1,"decals_1":-1,"torso_1":147,"hair_2":0,"skin":-1,"pants_2":-1}'),
	(4, 'ambulance', 2, 'chief_doctor', 'Médico De Familia', 2000, '{"tshirt_2":0,"hair_color_1":5,"glasses_2":3,"shoes":3,"torso_2":3,"hair_color_2":0,"pants_1":39,"glasses_1":4,"hair_1":2,"sex":0,"decals_2":0,"tshirt_1":15,"helmet_1":-1,"helmet_2":0,"arms":117,"face":19,"decals_1":60,"torso_1":66,"hair_2":0,"skin":34,"pants_2":1}', '{"tshirt_2":1,"hair_color_1":-1,"glasses_2":-1,"shoes":2,"torso_2":0,"hair_color_2":0,"pants_1":36,"glasses_1":-1,"hair_1":-1,"sex":1,"decals_2":0,"tshirt_1":44,"helmet_1":-1,"helmet_2":0,"arms":3,"face":-1,"decals_1":-1,"torso_1":147,"hair_2":0,"skin":-1,"pants_2":-1}'),
	(5, 'ambulance', 5, 'boss', 'Director Hospitalar', 3000, '{"tshirt_2":0,"hair_color_1":5,"glasses_2":3,"shoes":3,"torso_2":3,"hair_color_2":0,"pants_1":39,"glasses_1":4,"hair_1":2,"sex":0,"decals_2":0,"tshirt_1":15,"helmet_1":-1,"helmet_2":0,"arms":117,"face":19,"decals_1":60,"torso_1":66,"hair_2":0,"skin":34,"pants_2":1}', '{"tshirt_2":1,"hair_color_1":-1,"glasses_2":-1,"shoes":2,"torso_2":0,"hair_color_2":0,"pants_1":36,"glasses_1":-1,"hair_1":-1,"sex":1,"decals_2":0,"tshirt_1":44,"helmet_1":-1,"helmet_2":0,"arms":3,"face":-1,"decals_1":-1,"torso_1":147,"hair_2":0,"skin":-1,"pants_2":-1}'),
	(6, 'banker', 0, 'advisor', 'Conseiller', 10, '{}', '{}'),
	(7, 'banker', 1, 'banker', 'Banquier', 20, '{}', '{}'),
	(8, 'banker', 2, 'business_banker', 'Banquier d\'affaire', 30, '{}', '{}'),
	(9, 'banker', 3, 'trader', 'Trader', 40, '{}', '{}'),
	(10, 'banker', 4, 'boss', 'Patron', 0, '{}', '{}'),
	(11, 'mechanic', 0, 'recrue', 'Recruta', 30, '{"tshirt_2":0,"hair_color_1":5,"glasses_2":3,"shoes":3,"torso_2":3,"hair_color_2":0,"pants_1":39,"glasses_1":4,"hair_1":2,"sex":0,"decals_2":0,"tshirt_1":15,"helmet_1":-1,"helmet_2":0,"arms":35,"face":19,"decals_1":60,"torso_1":66,"hair_2":0,"skin":34,"pants_2":1}', '{"tshirt_2":0,"hair_color_1":5,"glasses_2":3,"shoes":7,"torso_2":0,"hair_color_2":0,"pants_1":39,"glasses_1":0,"hair_1":2,"sex":1,"decals_2":0,"tshirt_1":15,"helmet_1":-1,"helmet_2":0,"arms":35,"face":19,"decals_1":60,"torso_1":59,"hair_2":0,"skin":34,"pants_2":0}'),
	(12, 'mechanic', 1, 'novice', 'Novato', 30, '{"tshirt_2":0,"hair_color_1":5,"glasses_2":3,"shoes":3,"torso_2":3,"hair_color_2":0,"pants_1":39,"glasses_1":4,"hair_1":2,"sex":0,"decals_2":0,"tshirt_1":15,"helmet_1":-1,"helmet_2":0,"arms":35,"face":19,"decals_1":60,"torso_1":66,"hair_2":0,"skin":34,"pants_2":1}', '{"tshirt_2":0,"hair_color_1":5,"glasses_2":3,"shoes":7,"torso_2":0,"hair_color_2":0,"pants_1":39,"glasses_1":0,"hair_1":2,"sex":1,"decals_2":0,"tshirt_1":15,"helmet_1":-1,"helmet_2":0,"arms":35,"face":19,"decals_1":60,"torso_1":59,"hair_2":0,"skin":34,"pants_2":0}'),
	(13, 'mechanic', 2, 'experimente', 'Experiente', 30, '{"tshirt_2":0,"hair_color_1":5,"glasses_2":3,"shoes":3,"torso_2":3,"hair_color_2":0,"pants_1":39,"glasses_1":4,"hair_1":2,"sex":0,"decals_2":0,"tshirt_1":15,"helmet_1":-1,"helmet_2":0,"arms":35,"face":19,"decals_1":60,"torso_1":66,"hair_2":0,"skin":34,"pants_2":1}', '{"tshirt_2":0,"hair_color_1":5,"glasses_2":3,"shoes":7,"torso_2":0,"hair_color_2":0,"pants_1":39,"glasses_1":0,"hair_1":2,"sex":1,"decals_2":0,"tshirt_1":15,"helmet_1":-1,"helmet_2":0,"arms":35,"face":19,"decals_1":60,"torso_1":59,"hair_2":0,"skin":34,"pants_2":0}'),
	(14, 'mechanic', 3, 'chief', 'Chefe de Equipa', 30, '{"tshirt_2":0,"hair_color_1":5,"glasses_2":3,"shoes":3,"torso_2":0,"hair_color_2":0,"pants_1":39,"glasses_1":4,"hair_1":2,"sex":0,"decals_2":0,"tshirt_1":15,"helmet_1":-1,"helmet_2":0,"arms":35,"face":19,"decals_1":60,"torso_1":66,"hair_2":0,"skin":34,"pants_2":0}', '{"tshirt_2":0,"hair_color_1":5,"glasses_2":3,"shoes":7,"torso_2":0,"hair_color_2":0,"pants_1":39,"glasses_1":0,"hair_1":2,"sex":1,"decals_2":0,"tshirt_1":15,"helmet_1":-1,"helmet_2":0,"arms":35,"face":19,"decals_1":60,"torso_1":59,"hair_2":0,"skin":34,"pants_2":0}'),
	(15, 'mechanic', 4, 'boss', 'Patrão', 30, '{"tshirt_2":0,"hair_color_1":5,"glasses_2":3,"shoes":3,"torso_2":0,"hair_color_2":0,"pants_1":39,"glasses_1":4,"hair_1":2,"sex":0,"decals_2":0,"tshirt_1":15,"helmet_1":-1,"helmet_2":0,"arms":35,"face":19,"decals_1":60,"torso_1":66,"hair_2":0,"skin":34,"pants_2":0}', '{"tshirt_2":0,"hair_color_1":5,"glasses_2":3,"shoes":7,"torso_2":0,"hair_color_2":0,"pants_1":39,"glasses_1":0,"hair_1":2,"sex":1,"decals_2":0,"tshirt_1":15,"helmet_1":-1,"helmet_2":0,"arms":35,"face":19,"decals_1":60,"torso_1":59,"hair_2":0,"skin":34,"pants_2":0}'),
	(16, 'police', 0, 'recruta', 'Recruta', 500, '{}', '{}'),
	(17, 'police', 1, 'agente', 'Agente', 1000, '{}', '{}'),
	(18, 'police', 2, 'aprincipal', 'Agente Principal', 1250, '{}', '{}'),
	(19, 'police', 3, 'scapitao', 'Sub-Capitão', 1500, '{}', '{}'),
	(20, 'police', 8, 'boss', 'Chefe DPLS', 3000, '{}', '{}'),
	(21, 'realestateagent', 0, 'location', 'Comercial', 10, '{}', '{}'),
	(22, 'realestateagent', 1, 'vendeur', 'Vendedor', 25, '{}', '{}'),
	(23, 'realestateagent', 2, 'gestion', 'Gerente', 40, '{}', '{}'),
	(24, 'realestateagent', 3, 'boss', 'JB', 0, '{}', '{}'),
	(25, 'taxi', 0, 'recrue', 'O Matos', 30, '{}', '{}'),
	(30, 'unicorn', 0, 'barman', 'Barman', 30, '{}', '{}'),
	(31, 'unicorn', 1, 'dancer', 'Stripper', 30, '{}', '{}'),
	(32, 'unicorn', 2, 'viceboss', 'Sub-Gerente', 30, '{}', '{}'),
	(33, 'unicorn', 3, 'boss', 'Gerente', 30, '{}', '{}'),
	(34, 'cardealer', 0, 'recruit', 'Recrue', 10, '{}', '{}'),
	(35, 'cardealer', 1, 'novice', 'Novice', 25, '{}', '{}'),
	(36, 'cardealer', 2, 'experienced', 'Experimente', 40, '{}', '{}'),
	(37, 'cardealer', 3, 'boss', 'Patron', 0, '{}', '{}'),
	(44, 'offpolice', 0, 'recruta', 'Recruta', 0, '{}', '{}'),
	(45, 'offpolice', 1, 'agente', 'Agente', 0, '{}', '{}'),
	(46, 'offpolice', 2, 'aprincipal', 'Agente Principal', 0, '{}', '{}'),
	(47, 'offpolice', 3, 'aprincipal', 'Agente Principal', 0, '{}', '{}'),
	(48, 'offpolice', 4, 'capitao', 'Capitão', 0, '{}', '{}'),
	(49, 'offambulance', 0, 'ambulance', 'Estagiário', 0, '{}', '{}'),
	(50, 'offambulance', 1, 'doctor', 'Médico', 0, '{}', '{}'),
	(51, 'offambulance', 2, 'chief_doctor', 'Médico De Familia', 0, '{}', '{}'),
	(52, 'offambulance', 3, 'psicologo', 'Director Hospitalar', 0, '{}', '{}'),
	(53, 'ballas', 0, 'ballas', 'Ballas Gangshitzzz', 30, '{}', '{}'),
	(64, 'lost', 0, 'lost', 'The Lost MC', 30, '{}', '{}'),
	(65, 'ambulance', 3, 'psicologo', 'Psicologo', 2500, '{"tshirt_2":0,"hair_color_1":5,"glasses_2":3,"shoes":3,"torso_2":3,"hair_color_2":0,"pants_1":39,"glasses_1":4,"hair_1":2,"sex":0,"decals_2":0,"tshirt_1":15,"helmet_1":-1,"helmet_2":0,"arms":117,"face":19,"decals_1":60,"torso_1":66,"hair_2":0,"skin":34,"pants_2":1}', '{"tshirt_2":1,"hair_color_1":-1,"glasses_2":-1,"shoes":2,"torso_2":0,"hair_color_2":0,"pants_1":36,"glasses_1":-1,"hair_1":-1,"sex":1,"decals_2":0,"tshirt_1":44,"helmet_1":-1,"helmet_2":0,"arms":3,"face":-1,"decals_1":-1,"torso_1":147,"hair_2":0,"skin":-1,"pants_2":-1}'),
	(66, 'ambulance', 4, 'cirugiao', 'Cirurgiao ', 2500, '{"tshirt_2":0,"hair_color_1":5,"glasses_2":3,"shoes":3,"torso_2":3,"hair_color_2":0,"pants_1":39,"glasses_1":4,"hair_1":2,"sex":0,"decals_2":0,"tshirt_1":15,"helmet_1":-1,"helmet_2":0,"arms":117,"face":19,"decals_1":60,"torso_1":66,"hair_2":0,"skin":34,"pants_2":1}', '{"tshirt_2":1,"hair_color_1":-1,"glasses_2":-1,"shoes":2,"torso_2":0,"hair_color_2":0,"pants_1":36,"glasses_1":-1,"hair_1":-1,"sex":1,"decals_2":0,"tshirt_1":44,"helmet_1":-1,"helmet_2":0,"arms":3,"face":-1,"decals_1":-1,"torso_1":147,"hair_2":0,"skin":-1,"pants_2":-1}'),
	(67, 'millers', 0, 'millers', 'Millers', 30, '{}', '{}'),
	(68, 'police', 4, 'capitao', 'Capitão', 1750, '{}', '{}'),
	(69, 'police', 5, 'major', 'Major', 2000, '{}', '{}'),
	(70, 'police', 6, 'sargento', 'Sargento', 2250, '{}', '{}'),
	(71, 'police', 7, 'tgeneral', 'Tenente General', 2500, '{}', '{}'),
	(72, 'offpolice', 5, 'major', 'Major', 0, '{}', '{}'),
	(73, 'offpolice', 6, 'sargento', 'Sargento', 0, '{}', '{}'),
	(74, 'offpolice', 7, 'tgeneral', 'Tenente General', 0, '{}', '{}'),
	(75, 'offpolice', 8, 'boss', 'Chefe DPLS', 0, '{}', '{}'),
	(76, 'juiz', 0, 'aoficioso', 'Advogado Oficioso', 1500, '{}', '{}'),
	(77, 'juiz', 1, 'aparticular', 'Advogado Particular', 750, '{}', '{}'),
	(78, 'juiz', 2, 'procurador', 'Procurador', 1750, '{}', '{}'),
	(79, 'juiz', 3, 'juiz', 'Juiz', 2000, '{}', '{}'),
	(80, 'mechanic2', 0, 'recrue', 'Recruta', 30, '{"tshirt_2":0,"hair_color_1":5,"glasses_2":3,"shoes":3,"torso_2":3,"hair_color_2":0,"pants_1":39,"glasses_1":4,"hair_1":2,"sex":0,"decals_2":0,"tshirt_1":15,"helmet_1":-1,"helmet_2":0,"arms":35,"face":19,"decals_1":60,"torso_1":66,"hair_2":0,"skin":34,"pants_2":1}', '{"tshirt_2":0,"hair_color_1":5,"glasses_2":3,"shoes":7,"torso_2":0,"hair_color_2":0,"pants_1":39,"glasses_1":0,"hair_1":2,"sex":1,"decals_2":0,"tshirt_1":15,"helmet_1":-1,"helmet_2":0,"arms":35,"face":19,"decals_1":60,"torso_1":59,"hair_2":0,"skin":34,"pants_2":0}'),
	(81, 'mechanic2', 1, 'novice', 'Novato', 30, '{"tshirt_2":0,"hair_color_1":5,"glasses_2":3,"shoes":3,"torso_2":3,"hair_color_2":0,"pants_1":39,"glasses_1":4,"hair_1":2,"sex":0,"decals_2":0,"tshirt_1":15,"helmet_1":-1,"helmet_2":0,"arms":35,"face":19,"decals_1":60,"torso_1":66,"hair_2":0,"skin":34,"pants_2":1}', '{"tshirt_2":0,"hair_color_1":5,"glasses_2":3,"shoes":7,"torso_2":0,"hair_color_2":0,"pants_1":39,"glasses_1":0,"hair_1":2,"sex":1,"decals_2":0,"tshirt_1":15,"helmet_1":-1,"helmet_2":0,"arms":35,"face":19,"decals_1":60,"torso_1":59,"hair_2":0,"skin":34,"pants_2":0}'),
	(82, 'mechanic2', 2, 'experimente', 'Experiente', 40, '{"tshirt_2":0,"hair_color_1":5,"glasses_2":3,"shoes":3,"torso_2":3,"hair_color_2":0,"pants_1":39,"glasses_1":4,"hair_1":2,"sex":0,"decals_2":0,"tshirt_1":15,"helmet_1":-1,"helmet_2":0,"arms":35,"face":19,"decals_1":60,"torso_1":66,"hair_2":0,"skin":34,"pants_2":1}', '{"tshirt_2":0,"hair_color_1":5,"glasses_2":3,"shoes":7,"torso_2":0,"hair_color_2":0,"pants_1":39,"glasses_1":0,"hair_1":2,"sex":1,"decals_2":0,"tshirt_1":15,"helmet_1":-1,"helmet_2":0,"arms":35,"face":19,"decals_1":60,"torso_1":59,"hair_2":0,"skin":34,"pants_2":0}'),
	(83, 'mechanic2', 3, 'chief', 'Chefe de Equipa', 30, '{"tshirt_2":0,"hair_color_1":5,"glasses_2":3,"shoes":3,"torso_2":0,"hair_color_2":0,"pants_1":39,"glasses_1":4,"hair_1":2,"sex":0,"decals_2":0,"tshirt_1":15,"helmet_1":-1,"helmet_2":0,"arms":35,"face":19,"decals_1":60,"torso_1":66,"hair_2":0,"skin":34,"pants_2":0}', '{"tshirt_2":0,"hair_color_1":5,"glasses_2":3,"shoes":7,"torso_2":0,"hair_color_2":0,"pants_1":39,"glasses_1":0,"hair_1":2,"sex":1,"decals_2":0,"tshirt_1":15,"helmet_1":-1,"helmet_2":0,"arms":35,"face":19,"decals_1":60,"torso_1":59,"hair_2":0,"skin":34,"pants_2":0}'),
	(84, 'mechanic2', 4, 'boss', 'Patrão', 30, '{"tshirt_2":0,"hair_color_1":5,"glasses_2":3,"shoes":3,"torso_2":0,"hair_color_2":0,"pants_1":39,"glasses_1":4,"hair_1":2,"sex":0,"decals_2":0,"tshirt_1":15,"helmet_1":-1,"helmet_2":0,"arms":35,"face":19,"decals_1":60,"torso_1":66,"hair_2":0,"skin":34,"pants_2":0}', '{"tshirt_2":0,"hair_color_1":5,"glasses_2":3,"shoes":7,"torso_2":0,"hair_color_2":0,"pants_1":39,"glasses_1":0,"hair_1":2,"sex":1,"decals_2":0,"tshirt_1":15,"helmet_1":-1,"helmet_2":0,"arms":35,"face":19,"decals_1":60,"torso_1":59,"hair_2":0,"skin":34,"pants_2":0}'),
	(85, 'state', 3, 'minister', 'Ministro', 0, '{}', '{}'),
	(86, 'offambulance', 4, 'cirugiao', 'Cirurgiao ', 0, '{}', '{}'),
	(87, 'offambulance', 5, 'boss', 'Director Hospitalar', 0, '{}', '{}');
/*!40000 ALTER TABLE `job_grades` ENABLE KEYS */;

-- Dumping data for table expose.known_recipes: ~0 rows (approximately)
/*!40000 ALTER TABLE `known_recipes` DISABLE KEYS */;
/*!40000 ALTER TABLE `known_recipes` ENABLE KEYS */;

-- Dumping data for table expose.licenses: ~6 rows (approximately)
/*!40000 ALTER TABLE `licenses` DISABLE KEYS */;
INSERT INTO `licenses` (`type`, `label`) VALUES
	('boat', 'Marítima'),
	('dmv', 'Código'),
	('drive', 'Veículos Ligeiros'),
	('drive_bike', 'Motociclo'),
	('drive_truck', 'Veículos Pesados'),
	('weapon', 'Porte de arma');
/*!40000 ALTER TABLE `licenses` ENABLE KEYS */;

-- Dumping data for table expose.owned_vehicles: ~0 rows (approximately)
/*!40000 ALTER TABLE `owned_vehicles` DISABLE KEYS */;
/*!40000 ALTER TABLE `owned_vehicles` ENABLE KEYS */;

-- Dumping data for table expose.phone_calls: ~0 rows (approximately)
/*!40000 ALTER TABLE `phone_calls` DISABLE KEYS */;
/*!40000 ALTER TABLE `phone_calls` ENABLE KEYS */;

-- Dumping data for table expose.phone_contacts: ~0 rows (approximately)
/*!40000 ALTER TABLE `phone_contacts` DISABLE KEYS */;
/*!40000 ALTER TABLE `phone_contacts` ENABLE KEYS */;

-- Dumping data for table expose.phone_instas: ~0 rows (approximately)
/*!40000 ALTER TABLE `phone_instas` DISABLE KEYS */;
/*!40000 ALTER TABLE `phone_instas` ENABLE KEYS */;

-- Dumping data for table expose.phone_messages: 0 rows
/*!40000 ALTER TABLE `phone_messages` DISABLE KEYS */;
/*!40000 ALTER TABLE `phone_messages` ENABLE KEYS */;

-- Dumping data for table expose.phone_texts: ~0 rows (approximately)
/*!40000 ALTER TABLE `phone_texts` DISABLE KEYS */;
/*!40000 ALTER TABLE `phone_texts` ENABLE KEYS */;

-- Dumping data for table expose.phone_tweets: ~0 rows (approximately)
/*!40000 ALTER TABLE `phone_tweets` DISABLE KEYS */;
/*!40000 ALTER TABLE `phone_tweets` ENABLE KEYS */;

-- Dumping data for table expose.phone_yp: ~0 rows (approximately)
/*!40000 ALTER TABLE `phone_yp` DISABLE KEYS */;
/*!40000 ALTER TABLE `phone_yp` ENABLE KEYS */;

-- Dumping data for table expose.playersafes: ~0 rows (approximately)
/*!40000 ALTER TABLE `playersafes` DISABLE KEYS */;
/*!40000 ALTER TABLE `playersafes` ENABLE KEYS */;

-- Dumping data for table expose.playerstattoos: ~0 rows (approximately)
/*!40000 ALTER TABLE `playerstattoos` DISABLE KEYS */;
/*!40000 ALTER TABLE `playerstattoos` ENABLE KEYS */;

-- Dumping data for table expose.society_moneywash: ~0 rows (approximately)
/*!40000 ALTER TABLE `society_moneywash` DISABLE KEYS */;
/*!40000 ALTER TABLE `society_moneywash` ENABLE KEYS */;

-- Dumping data for table expose.times: ~0 rows (approximately)
/*!40000 ALTER TABLE `times` DISABLE KEYS */;
/*!40000 ALTER TABLE `times` ENABLE KEYS */;

-- Dumping data for table expose.tqrp_skills: ~0 rows (approximately)
/*!40000 ALTER TABLE `tqrp_skills` DISABLE KEYS */;
/*!40000 ALTER TABLE `tqrp_skills` ENABLE KEYS */;

-- Dumping data for table expose.trunk_inventory: ~0 rows (approximately)
/*!40000 ALTER TABLE `trunk_inventory` DISABLE KEYS */;
/*!40000 ALTER TABLE `trunk_inventory` ENABLE KEYS */;

-- Dumping data for table expose.tweets: ~0 rows (approximately)
/*!40000 ALTER TABLE `tweets` DISABLE KEYS */;
/*!40000 ALTER TABLE `tweets` ENABLE KEYS */;

-- Dumping data for table expose.users: ~0 rows (approximately)
/*!40000 ALTER TABLE `users` DISABLE KEYS */;
/*!40000 ALTER TABLE `users` ENABLE KEYS */;

-- Dumping data for table expose.user_accounts: ~0 rows (approximately)
/*!40000 ALTER TABLE `user_accounts` DISABLE KEYS */;
/*!40000 ALTER TABLE `user_accounts` ENABLE KEYS */;

-- Dumping data for table expose.user_convictions: ~0 rows (approximately)
/*!40000 ALTER TABLE `user_convictions` DISABLE KEYS */;
/*!40000 ALTER TABLE `user_convictions` ENABLE KEYS */;

-- Dumping data for table expose.user_documents: ~0 rows (approximately)
/*!40000 ALTER TABLE `user_documents` DISABLE KEYS */;
/*!40000 ALTER TABLE `user_documents` ENABLE KEYS */;

-- Dumping data for table expose.user_lastcharacter: ~0 rows (approximately)
/*!40000 ALTER TABLE `user_lastcharacter` DISABLE KEYS */;
/*!40000 ALTER TABLE `user_lastcharacter` ENABLE KEYS */;

-- Dumping data for table expose.user_licenses: ~0 rows (approximately)
/*!40000 ALTER TABLE `user_licenses` DISABLE KEYS */;
/*!40000 ALTER TABLE `user_licenses` ENABLE KEYS */;

-- Dumping data for table expose.user_mdt: ~0 rows (approximately)
/*!40000 ALTER TABLE `user_mdt` DISABLE KEYS */;
/*!40000 ALTER TABLE `user_mdt` ENABLE KEYS */;

-- Dumping data for table expose.vehicles: ~0 rows (approximately)
/*!40000 ALTER TABLE `vehicles` DISABLE KEYS */;
/*!40000 ALTER TABLE `vehicles` ENABLE KEYS */;

-- Dumping data for table expose.vehicle_categories: ~15 rows (approximately)
/*!40000 ALTER TABLE `vehicle_categories` DISABLE KEYS */;
INSERT INTO `vehicle_categories` (`name`, `label`) VALUES
	('compacts', 'Compactos'),
	('coupes', 'Coupés'),
	('importbikes', 'Motas/Barcos Importados'),
	('importcars', 'Carros Importados'),
	('motorcycles', 'Motas'),
	('muscle', 'Muscle Americanos'),
	('offroad', 'Off Road'),
	('police', 'D.P.L.S'),
	('sedans', 'Sedans'),
	('sports', 'Desportivos'),
	('sportsclassics', 'Desportivos Classicos'),
	('super', 'Super-Desportivos'),
	('suvs', 'SUVs'),
	('utility', 'Utilidade'),
	('vans', 'Carinhas/Comerciais');
/*!40000 ALTER TABLE `vehicle_categories` ENABLE KEYS */;

-- Dumping data for table expose.warrants: ~0 rows (approximately)
/*!40000 ALTER TABLE `warrants` DISABLE KEYS */;
/*!40000 ALTER TABLE `warrants` ENABLE KEYS */;

-- Dumping data for table expose.weedplants: ~0 rows (approximately)
/*!40000 ALTER TABLE `weedplants` DISABLE KEYS */;
/*!40000 ALTER TABLE `weedplants` ENABLE KEYS */;

-- Dumping data for table expose.whitelist: ~0 rows (approximately)
/*!40000 ALTER TABLE `whitelist` DISABLE KEYS */;
/*!40000 ALTER TABLE `whitelist` ENABLE KEYS */;

/*!40101 SET SQL_MODE=IFNULL(@OLD_SQL_MODE, '') */;
/*!40014 SET FOREIGN_KEY_CHECKS=IF(@OLD_FOREIGN_KEY_CHECKS IS NULL, 1, @OLD_FOREIGN_KEY_CHECKS) */;
/*!40101 SET CHARACTER_SET_CLIENT=@OLD_CHARACTER_SET_CLIENT */;
/*!40111 SET SQL_NOTES=@OLD_SQL_NOTES */;
